{"@timestamp":"2023-10-08T00:00:03.692+08:00","caller":"stat/metrics.go:210","content":"(model.rpc) - qps: 0.0/s, drops: 0, avg time: 0.0ms, med: 0.0ms, 90th: 0.0ms, 99th: 0.0ms, 99.9th: 0.0ms","level":"stat"}
{"@timestamp":"2023-10-08T00:00:22.153+08:00","caller":"stat/metrics.go:210","content":"(kq) - qps: 0.0/s, drops: 0, avg time: 0.0ms, med: 0.0ms, 90th: 0.0ms, 99th: 0.0ms, 99.9th: 0.0ms","level":"stat"}
{"@timestamp":"2023-10-08T00:00:57.961+08:00","caller":"stat/usage.go:61","content":"CPU: 0m, MEMORY: Alloc=5.4Mi, TotalAlloc=46.5Mi, Sys=19.4Mi, NumGC=44","level":"stat"}
{"@timestamp":"2023-10-08T00:00:57.992+08:00","caller":"load/sheddingstat.go:61","content":"(rpc) shedding_stat [1m], cpu: 0, total: 0, pass: 0, drop: 0","level":"stat"}
{"@timestamp":"2023-10-08T00:01:03.690+08:00","caller":"stat/metrics.go:210","content":"(model.rpc) - qps: 0.0/s, drops: 0, avg time: 0.0ms, med: 0.0ms, 90th: 0.0ms, 99th: 0.0ms, 99.9th: 0.0ms","level":"stat"}
{"@timestamp":"2023-10-08T00:01:22.151+08:00","caller":"stat/metrics.go:210","content":"(kq) - qps: 0.0/s, drops: 0, avg time: 0.0ms, med: 0.0ms, 90th: 0.0ms, 99th: 0.0ms, 99.9th: 0.0ms","level":"stat"}
{"@timestamp":"2023-10-08T00:01:57.960+08:00","caller":"stat/usage.go:61","content":"CPU: 0m, MEMORY: Alloc=4.8Mi, TotalAlloc=47.0Mi, Sys=19.4Mi, NumGC=45","level":"stat"}
{"@timestamp":"2023-10-08T00:01:57.991+08:00","caller":"load/sheddingstat.go:61","content":"(rpc) shedding_stat [1m], cpu: 0, total: 0, pass: 0, drop: 0","level":"stat"}
{"@timestamp":"2023-10-08T00:02:03.688+08:00","caller":"stat/metrics.go:210","content":"(model.rpc) - qps: 0.0/s, drops: 0, avg time: 0.0ms, med: 0.0ms, 90th: 0.0ms, 99th: 0.0ms, 99.9th: 0.0ms","level":"stat"}
{"@timestamp":"2023-10-08T00:02:22.149+08:00","caller":"stat/metrics.go:210","content":"(kq) - qps: 0.0/s, drops: 0, avg time: 0.0ms, med: 0.0ms, 90th: 0.0ms, 99th: 0.0ms, 99.9th: 0.0ms","level":"stat"}
{"@timestamp":"2023-10-08T00:02:57.956+08:00","caller":"stat/usage.go:61","content":"CPU: 0m, MEMORY: Alloc=5.2Mi, TotalAlloc=47.3Mi, Sys=19.4Mi, NumGC=45","level":"stat"}
{"@timestamp":"2023-10-08T00:02:57.988+08:00","caller":"load/sheddingstat.go:61","content":"(rpc) shedding_stat [1m], cpu: 0, total: 0, pass: 0, drop: 0","level":"stat"}
{"@timestamp":"2023-10-08T00:03:03.686+08:00","caller":"stat/metrics.go:210","content":"(model.rpc) - qps: 0.0/s, drops: 0, avg time: 0.0ms, med: 0.0ms, 90th: 0.0ms, 99th: 0.0ms, 99.9th: 0.0ms","level":"stat"}
{"@timestamp":"2023-10-08T00:03:22.147+08:00","caller":"stat/metrics.go:210","content":"(kq) - qps: 0.0/s, drops: 0, avg time: 0.0ms, med: 0.0ms, 90th: 0.0ms, 99th: 0.0ms, 99.9th: 0.0ms","level":"stat"}
{"@timestamp":"2023-10-08T00:03:57.954+08:00","caller":"stat/usage.go:61","content":"CPU: 0m, MEMORY: Alloc=4.9Mi, TotalAlloc=47.8Mi, Sys=19.4Mi, NumGC=46","level":"stat"}
{"@timestamp":"2023-10-08T00:03:57.986+08:00","caller":"load/sheddingstat.go:61","content":"(rpc) shedding_stat [1m], cpu: 0, total: 0, pass: 0, drop: 0","level":"stat"}
{"@timestamp":"2023-10-08T00:04:03.684+08:00","caller":"stat/metrics.go:210","content":"(model.rpc) - qps: 0.0/s, drops: 0, avg time: 0.0ms, med: 0.0ms, 90th: 0.0ms, 99th: 0.0ms, 99.9th: 0.0ms","level":"stat"}
{"@timestamp":"2023-10-08T00:04:22.144+08:00","caller":"stat/metrics.go:210","content":"(kq) - qps: 0.0/s, drops: 0, avg time: 0.0ms, med: 0.0ms, 90th: 0.0ms, 99th: 0.0ms, 99.9th: 0.0ms","level":"stat"}
{"@timestamp":"2023-10-08T00:04:57.952+08:00","caller":"stat/usage.go:61","content":"CPU: 0m, MEMORY: Alloc=5.3Mi, TotalAlloc=48.2Mi, Sys=19.4Mi, NumGC=46","level":"stat"}
{"@timestamp":"2023-10-08T00:04:57.984+08:00","caller":"load/sheddingstat.go:61","content":"(rpc) shedding_stat [1m], cpu: 0, total: 0, pass: 0, drop: 0","level":"stat"}
{"@timestamp":"2023-10-08T00:05:03.682+08:00","caller":"stat/metrics.go:210","content":"(model.rpc) - qps: 0.0/s, drops: 0, avg time: 0.0ms, med: 0.0ms, 90th: 0.0ms, 99th: 0.0ms, 99.9th: 0.0ms","level":"stat"}
{"@timestamp":"2023-10-08T00:05:22.143+08:00","caller":"stat/metrics.go:210","content":"(kq) - qps: 0.0/s, drops: 0, avg time: 0.0ms, med: 0.0ms, 90th: 0.0ms, 99th: 0.0ms, 99.9th: 0.0ms","level":"stat"}
{"@timestamp":"2023-10-08T00:05:57.950+08:00","caller":"stat/usage.go:61","content":"CPU: 0m, MEMORY: Alloc=4.9Mi, TotalAlloc=48.7Mi, Sys=19.4Mi, NumGC=47","level":"stat"}
{"@timestamp":"2023-10-08T00:05:57.982+08:00","caller":"load/sheddingstat.go:61","content":"(rpc) shedding_stat [1m], cpu: 0, total: 0, pass: 0, drop: 0","level":"stat"}
{"@timestamp":"2023-10-08T00:06:03.680+08:00","caller":"stat/metrics.go:210","content":"(model.rpc) - qps: 0.0/s, drops: 0, avg time: 0.0ms, med: 0.0ms, 90th: 0.0ms, 99th: 0.0ms, 99.9th: 0.0ms","level":"stat"}
{"@timestamp":"2023-10-08T00:06:22.141+08:00","caller":"stat/metrics.go:210","content":"(kq) - qps: 0.0/s, drops: 0, avg time: 0.0ms, med: 0.0ms, 90th: 0.0ms, 99th: 0.0ms, 99.9th: 0.0ms","level":"stat"}
{"@timestamp":"2023-10-08T00:06:57.948+08:00","caller":"stat/usage.go:61","content":"CPU: 0m, MEMORY: Alloc=5.3Mi, TotalAlloc=49.1Mi, Sys=19.4Mi, NumGC=47","level":"stat"}
{"@timestamp":"2023-10-08T00:06:57.980+08:00","caller":"load/sheddingstat.go:61","content":"(rpc) shedding_stat [1m], cpu: 0, total: 0, pass: 0, drop: 0","level":"stat"}
{"@timestamp":"2023-10-08T00:07:03.678+08:00","caller":"stat/metrics.go:210","content":"(model.rpc) - qps: 0.0/s, drops: 0, avg time: 0.0ms, med: 0.0ms, 90th: 0.0ms, 99th: 0.0ms, 99.9th: 0.0ms","level":"stat"}
{"@timestamp":"2023-10-08T00:07:22.138+08:00","caller":"stat/metrics.go:210","content":"(kq) - qps: 0.0/s, drops: 0, avg time: 0.0ms, med: 0.0ms, 90th: 0.0ms, 99th: 0.0ms, 99.9th: 0.0ms","level":"stat"}
{"@timestamp":"2023-10-08T00:07:57.946+08:00","caller":"stat/usage.go:61","content":"CPU: 0m, MEMORY: Alloc=4.8Mi, TotalAlloc=49.5Mi, Sys=19.4Mi, NumGC=48","level":"stat"}
{"@timestamp":"2023-10-08T00:07:57.978+08:00","caller":"load/sheddingstat.go:61","content":"(rpc) shedding_stat [1m], cpu: 0, total: 0, pass: 0, drop: 0","level":"stat"}
{"@timestamp":"2023-10-08T00:08:03.677+08:00","caller":"stat/metrics.go:210","content":"(model.rpc) - qps: 0.0/s, drops: 0, avg time: 0.0ms, med: 0.0ms, 90th: 0.0ms, 99th: 0.0ms, 99.9th: 0.0ms","level":"stat"}
{"@timestamp":"2023-10-08T00:08:22.136+08:00","caller":"stat/metrics.go:210","content":"(kq) - qps: 0.0/s, drops: 0, avg time: 0.0ms, med: 0.0ms, 90th: 0.0ms, 99th: 0.0ms, 99.9th: 0.0ms","level":"stat"}
{"@timestamp":"2023-10-08T00:08:57.944+08:00","caller":"stat/usage.go:61","content":"CPU: 0m, MEMORY: Alloc=5.1Mi, TotalAlloc=49.9Mi, Sys=19.4Mi, NumGC=48","level":"stat"}
{"@timestamp":"2023-10-08T00:08:57.976+08:00","caller":"load/sheddingstat.go:61","content":"(rpc) shedding_stat [1m], cpu: 0, total: 0, pass: 0, drop: 0","level":"stat"}
{"@timestamp":"2023-10-08T00:09:03.674+08:00","caller":"stat/metrics.go:210","content":"(model.rpc) - qps: 0.0/s, drops: 0, avg time: 0.0ms, med: 0.0ms, 90th: 0.0ms, 99th: 0.0ms, 99.9th: 0.0ms","level":"stat"}
{"@timestamp":"2023-10-08T00:09:22.135+08:00","caller":"stat/metrics.go:210","content":"(kq) - qps: 0.0/s, drops: 0, avg time: 0.0ms, med: 0.0ms, 90th: 0.0ms, 99th: 0.0ms, 99.9th: 0.0ms","level":"stat"}
{"@timestamp":"2023-10-08T00:09:57.942+08:00","caller":"stat/usage.go:61","content":"CPU: 0m, MEMORY: Alloc=4.8Mi, TotalAlloc=50.4Mi, Sys=19.4Mi, NumGC=49","level":"stat"}
{"@timestamp":"2023-10-08T00:09:57.974+08:00","caller":"load/sheddingstat.go:61","content":"(rpc) shedding_stat [1m], cpu: 0, total: 0, pass: 0, drop: 0","level":"stat"}
{"@timestamp":"2023-10-08T00:10:03.673+08:00","caller":"stat/metrics.go:210","content":"(model.rpc) - qps: 0.0/s, drops: 0, avg time: 0.0ms, med: 0.0ms, 90th: 0.0ms, 99th: 0.0ms, 99.9th: 0.0ms","level":"stat"}
{"@timestamp":"2023-10-08T00:10:22.133+08:00","caller":"stat/metrics.go:210","content":"(kq) - qps: 0.0/s, drops: 0, avg time: 0.0ms, med: 0.0ms, 90th: 0.0ms, 99th: 0.0ms, 99.9th: 0.0ms","level":"stat"}
{"@timestamp":"2023-10-08T00:10:57.941+08:00","caller":"stat/usage.go:61","content":"CPU: 0m, MEMORY: Alloc=5.2Mi, TotalAlloc=50.8Mi, Sys=19.4Mi, NumGC=49","level":"stat"}
{"@timestamp":"2023-10-08T00:10:57.973+08:00","caller":"load/sheddingstat.go:61","content":"(rpc) shedding_stat [1m], cpu: 0, total: 0, pass: 0, drop: 0","level":"stat"}
{"@timestamp":"2023-10-08T00:11:03.680+08:00","caller":"stat/metrics.go:210","content":"(model.rpc) - qps: 0.0/s, drops: 0, avg time: 0.0ms, med: 0.0ms, 90th: 0.0ms, 99th: 0.0ms, 99.9th: 0.0ms","level":"stat"}
{"@timestamp":"2023-10-08T00:11:22.158+08:00","caller":"stat/metrics.go:210","content":"(kq) - qps: 0.0/s, drops: 0, avg time: 0.0ms, med: 0.0ms, 90th: 0.0ms, 99th: 0.0ms, 99.9th: 0.0ms","level":"stat"}
{"@timestamp":"2023-10-08T00:11:57.972+08:00","caller":"stat/usage.go:61","content":"CPU: 0m, MEMORY: Alloc=4.8Mi, TotalAlloc=51.2Mi, Sys=19.4Mi, NumGC=50","level":"stat"}
{"@timestamp":"2023-10-08T00:11:58.003+08:00","caller":"load/sheddingstat.go:61","content":"(rpc) shedding_stat [1m], cpu: 0, total: 0, pass: 0, drop: 0","level":"stat"}
{"@timestamp":"2023-10-08T00:12:03.702+08:00","caller":"stat/metrics.go:210","content":"(model.rpc) - qps: 0.0/s, drops: 0, avg time: 0.0ms, med: 0.0ms, 90th: 0.0ms, 99th: 0.0ms, 99.9th: 0.0ms","level":"stat"}
{"@timestamp":"2023-10-08T00:12:22.163+08:00","caller":"stat/metrics.go:210","content":"(kq) - qps: 0.0/s, drops: 0, avg time: 0.0ms, med: 0.0ms, 90th: 0.0ms, 99th: 0.0ms, 99.9th: 0.0ms","level":"stat"}
{"@timestamp":"2023-10-08T00:12:57.984+08:00","caller":"stat/usage.go:61","content":"CPU: 0m, MEMORY: Alloc=5.2Mi, TotalAlloc=51.6Mi, Sys=19.4Mi, NumGC=50","level":"stat"}
{"@timestamp":"2023-10-08T00:12:58.002+08:00","caller":"load/sheddingstat.go:61","content":"(rpc) shedding_stat [1m], cpu: 0, total: 0, pass: 0, drop: 0","level":"stat"}
{"@timestamp":"2023-10-08T00:13:03.700+08:00","caller":"stat/metrics.go:210","content":"(model.rpc) - qps: 0.0/s, drops: 0, avg time: 0.0ms, med: 0.0ms, 90th: 0.0ms, 99th: 0.0ms, 99.9th: 0.0ms","level":"stat"}
{"@timestamp":"2023-10-08T00:13:22.161+08:00","caller":"stat/metrics.go:210","content":"(kq) - qps: 0.0/s, drops: 0, avg time: 0.0ms, med: 0.0ms, 90th: 0.0ms, 99th: 0.0ms, 99.9th: 0.0ms","level":"stat"}
{"@timestamp":"2023-10-08T00:13:57.967+08:00","caller":"stat/usage.go:61","content":"CPU: 0m, MEMORY: Alloc=4.9Mi, TotalAlloc=52.0Mi, Sys=19.4Mi, NumGC=51","level":"stat"}
{"@timestamp":"2023-10-08T00:13:58.000+08:00","caller":"load/sheddingstat.go:61","content":"(rpc) shedding_stat [1m], cpu: 0, total: 0, pass: 0, drop: 0","level":"stat"}
{"@timestamp":"2023-10-08T00:14:03.699+08:00","caller":"stat/metrics.go:210","content":"(model.rpc) - qps: 0.0/s, drops: 0, avg time: 0.0ms, med: 0.0ms, 90th: 0.0ms, 99th: 0.0ms, 99.9th: 0.0ms","level":"stat"}
{"@timestamp":"2023-10-08T00:14:22.159+08:00","caller":"stat/metrics.go:210","content":"(kq) - qps: 0.0/s, drops: 0, avg time: 0.0ms, med: 0.0ms, 90th: 0.0ms, 99th: 0.0ms, 99.9th: 0.0ms","level":"stat"}
{"@timestamp":"2023-10-08T00:14:57.967+08:00","caller":"stat/usage.go:61","content":"CPU: 0m, MEMORY: Alloc=5.4Mi, TotalAlloc=52.5Mi, Sys=19.4Mi, NumGC=51","level":"stat"}
{"@timestamp":"2023-10-08T00:14:57.999+08:00","caller":"load/sheddingstat.go:61","content":"(rpc) shedding_stat [1m], cpu: 0, total: 0, pass: 0, drop: 0","level":"stat"}
{"@timestamp":"2023-10-08T00:15:03.697+08:00","caller":"stat/metrics.go:210","content":"(model.rpc) - qps: 0.0/s, drops: 0, avg time: 0.0ms, med: 0.0ms, 90th: 0.0ms, 99th: 0.0ms, 99.9th: 0.0ms","level":"stat"}
{"@timestamp":"2023-10-08T00:15:22.157+08:00","caller":"stat/metrics.go:210","content":"(kq) - qps: 0.0/s, drops: 0, avg time: 0.0ms, med: 0.0ms, 90th: 0.0ms, 99th: 0.0ms, 99.9th: 0.0ms","level":"stat"}
{"@timestamp":"2023-10-08T00:15:57.965+08:00","caller":"stat/usage.go:61","content":"CPU: 0m, MEMORY: Alloc=4.7Mi, TotalAlloc=52.9Mi, Sys=19.4Mi, NumGC=52","level":"stat"}
{"@timestamp":"2023-10-08T00:15:57.997+08:00","caller":"load/sheddingstat.go:61","content":"(rpc) shedding_stat [1m], cpu: 0, total: 0, pass: 0, drop: 0","level":"stat"}
{"@timestamp":"2023-10-08T00:16:03.696+08:00","caller":"stat/metrics.go:210","content":"(model.rpc) - qps: 0.0/s, drops: 0, avg time: 0.0ms, med: 0.0ms, 90th: 0.0ms, 99th: 0.0ms, 99.9th: 0.0ms","level":"stat"}
{"@timestamp":"2023-10-08T00:16:22.155+08:00","caller":"stat/metrics.go:210","content":"(kq) - qps: 0.0/s, drops: 0, avg time: 0.0ms, med: 0.0ms, 90th: 0.0ms, 99th: 0.0ms, 99.9th: 0.0ms","level":"stat"}
{"@timestamp":"2023-10-08T00:16:57.963+08:00","caller":"stat/usage.go:61","content":"CPU: 0m, MEMORY: Alloc=5.2Mi, TotalAlloc=53.3Mi, Sys=19.4Mi, NumGC=52","level":"stat"}
{"@timestamp":"2023-10-08T00:16:57.996+08:00","caller":"load/sheddingstat.go:61","content":"(rpc) shedding_stat [1m], cpu: 0, total: 0, pass: 0, drop: 0","level":"stat"}
{"@timestamp":"2023-10-08T00:17:03.694+08:00","caller":"stat/metrics.go:210","content":"(model.rpc) - qps: 0.0/s, drops: 0, avg time: 0.0ms, med: 0.0ms, 90th: 0.0ms, 99th: 0.0ms, 99.9th: 0.0ms","level":"stat"}
{"@timestamp":"2023-10-08T00:33:29.227+08:00","caller":"stat/metrics.go:210","content":"(kq) - qps: 0.0/s, drops: 0, avg time: 0.0ms, med: 0.0ms, 90th: 0.0ms, 99th: 0.0ms, 99.9th: 0.0ms","level":"stat"}
{"@timestamp":"2023-10-08T00:34:05.023+08:00","caller":"stat/usage.go:61","content":"CPU: 0m, MEMORY: Alloc=4.7Mi, TotalAlloc=53.7Mi, Sys=19.4Mi, NumGC=53","level":"stat"}
{"@timestamp":"2023-10-08T00:34:05.054+08:00","caller":"load/sheddingstat.go:61","content":"(rpc) shedding_stat [1m], cpu: 0, total: 0, pass: 0, drop: 0","level":"stat"}
{"@timestamp":"2023-10-08T00:34:10.753+08:00","caller":"stat/metrics.go:210","content":"(model.rpc) - qps: 0.0/s, drops: 0, avg time: 0.0ms, med: 0.0ms, 90th: 0.0ms, 99th: 0.0ms, 99.9th: 0.0ms","level":"stat"}
{"@timestamp":"2023-10-08T00:50:37.504+08:00","caller":"stat/metrics.go:210","content":"(kq) - qps: 0.0/s, drops: 0, avg time: 0.0ms, med: 0.0ms, 90th: 0.0ms, 99th: 0.0ms, 99.9th: 0.0ms","level":"stat"}
{"@timestamp":"2023-10-08T00:51:13.304+08:00","caller":"stat/usage.go:61","content":"CPU: 0m, MEMORY: Alloc=5.2Mi, TotalAlloc=54.1Mi, Sys=19.4Mi, NumGC=53","level":"stat"}
{"@timestamp":"2023-10-08T00:51:13.335+08:00","caller":"load/sheddingstat.go:61","content":"(rpc) shedding_stat [1m], cpu: 0, total: 0, pass: 0, drop: 0","level":"stat"}
{"@timestamp":"2023-10-08T00:51:19.034+08:00","caller":"stat/metrics.go:210","content":"(model.rpc) - qps: 0.0/s, drops: 0, avg time: 0.0ms, med: 0.0ms, 90th: 0.0ms, 99th: 0.0ms, 99.9th: 0.0ms","level":"stat"}
{"@timestamp":"2023-10-08T01:08:31.064+08:00","caller":"stat/metrics.go:210","content":"(kq) - qps: 0.0/s, drops: 0, avg time: 0.0ms, med: 0.0ms, 90th: 0.0ms, 99th: 0.0ms, 99.9th: 0.0ms","level":"stat"}
{"@timestamp":"2023-10-08T01:26:13.745+08:00","caller":"stat/usage.go:61","content":"CPU: 0m, MEMORY: Alloc=4.8Mi, TotalAlloc=54.7Mi, Sys=19.4Mi, NumGC=54","level":"stat"}
{"@timestamp":"2023-10-08T01:26:13.776+08:00","caller":"load/sheddingstat.go:61","content":"(rpc) shedding_stat [1m], cpu: 0, total: 0, pass: 0, drop: 0","level":"stat"}
{"@timestamp":"2023-10-08T01:26:19.487+08:00","caller":"stat/metrics.go:210","content":"(model.rpc) - qps: 0.0/s, drops: 0, avg time: 0.0ms, med: 0.0ms, 90th: 0.0ms, 99th: 0.0ms, 99.9th: 0.0ms","level":"stat"}
{"@timestamp":"2023-10-08T01:26:37.969+08:00","caller":"stat/metrics.go:210","content":"(kq) - qps: 0.0/s, drops: 0, avg time: 0.0ms, med: 0.0ms, 90th: 0.0ms, 99th: 0.0ms, 99.9th: 0.0ms","level":"stat"}
{"@timestamp":"2023-10-08T01:43:18.661+08:00","caller":"stat/usage.go:61","content":"CPU: 0m, MEMORY: Alloc=5.2Mi, TotalAlloc=55.1Mi, Sys=19.4Mi, NumGC=54","level":"stat"}
{"@timestamp":"2023-10-08T01:43:18.693+08:00","caller":"load/sheddingstat.go:61","content":"(rpc) shedding_stat [1m], cpu: 0, total: 0, pass: 0, drop: 0","level":"stat"}
{"@timestamp":"2023-10-08T01:43:24.394+08:00","caller":"stat/metrics.go:210","content":"(model.rpc) - qps: 0.0/s, drops: 0, avg time: 0.0ms, med: 0.0ms, 90th: 0.0ms, 99th: 0.0ms, 99.9th: 0.0ms","level":"stat"}
{"@timestamp":"2023-10-08T01:43:42.862+08:00","caller":"stat/metrics.go:210","content":"(kq) - qps: 0.0/s, drops: 0, avg time: 0.0ms, med: 0.0ms, 90th: 0.0ms, 99th: 0.0ms, 99.9th: 0.0ms","level":"stat"}
{"@timestamp":"2023-10-08T02:01:09.513+08:00","caller":"stat/usage.go:61","content":"CPU: 0m, MEMORY: Alloc=4.8Mi, TotalAlloc=55.5Mi, Sys=19.4Mi, NumGC=55","level":"stat"}
{"@timestamp":"2023-10-08T02:01:09.545+08:00","caller":"load/sheddingstat.go:61","content":"(rpc) shedding_stat [1m], cpu: 0, total: 0, pass: 0, drop: 0","level":"stat"}
{"@timestamp":"2023-10-08T02:01:15.241+08:00","caller":"stat/metrics.go:210","content":"(model.rpc) - qps: 0.0/s, drops: 0, avg time: 0.0ms, med: 0.0ms, 90th: 0.0ms, 99th: 0.0ms, 99.9th: 0.0ms","level":"stat"}
{"@timestamp":"2023-10-08T02:17:36.591+08:00","caller":"stat/metrics.go:210","content":"(kq) - qps: 0.0/s, drops: 0, avg time: 0.0ms, med: 0.0ms, 90th: 0.0ms, 99th: 0.0ms, 99.9th: 0.0ms","level":"stat"}
{"@timestamp":"2023-10-08T02:18:12.423+08:00","caller":"stat/usage.go:61","content":"CPU: 0m, MEMORY: Alloc=5.2Mi, TotalAlloc=56.0Mi, Sys=19.4Mi, NumGC=55","level":"stat"}
{"@timestamp":"2023-10-08T02:18:12.454+08:00","caller":"load/sheddingstat.go:61","content":"(rpc) shedding_stat [1m], cpu: 0, total: 0, pass: 0, drop: 0","level":"stat"}
{"@timestamp":"2023-10-08T02:34:41.024+08:00","caller":"stat/metrics.go:210","content":"(model.rpc) - qps: 0.0/s, drops: 0, avg time: 0.0ms, med: 0.0ms, 90th: 0.0ms, 99th: 0.0ms, 99.9th: 0.0ms","level":"stat"}
{"@timestamp":"2023-10-08T02:34:59.458+08:00","caller":"stat/metrics.go:210","content":"(kq) - qps: 0.0/s, drops: 0, avg time: 0.0ms, med: 0.0ms, 90th: 0.0ms, 99th: 0.0ms, 99.9th: 0.0ms","level":"stat"}
{"@timestamp":"2023-10-08T02:52:15.080+08:00","caller":"stat/usage.go:61","content":"CPU: 0m, MEMORY: Alloc=4.8Mi, TotalAlloc=56.4Mi, Sys=19.4Mi, NumGC=56","level":"stat"}
{"@timestamp":"2023-10-08T02:52:15.114+08:00","caller":"load/sheddingstat.go:61","content":"(rpc) shedding_stat [1m], cpu: 0, total: 0, pass: 0, drop: 0","level":"stat"}
{"@timestamp":"2023-10-08T02:52:20.818+08:00","caller":"stat/metrics.go:210","content":"(model.rpc) - qps: 0.0/s, drops: 0, avg time: 0.0ms, med: 0.0ms, 90th: 0.0ms, 99th: 0.0ms, 99.9th: 0.0ms","level":"stat"}
{"@timestamp":"2023-10-08T02:52:39.288+08:00","caller":"stat/metrics.go:210","content":"(kq) - qps: 0.0/s, drops: 0, avg time: 0.0ms, med: 0.0ms, 90th: 0.0ms, 99th: 0.0ms, 99.9th: 0.0ms","level":"stat"}
{"@timestamp":"2023-10-08T02:53:15.101+08:00","caller":"stat/usage.go:61","content":"CPU: 0m, MEMORY: Alloc=5.4Mi, TotalAlloc=56.9Mi, Sys=19.4Mi, NumGC=56","level":"stat"}
{"@timestamp":"2023-10-08T02:53:15.132+08:00","caller":"load/sheddingstat.go:61","content":"(rpc) shedding_stat [1m], cpu: 0, total: 0, pass: 0, drop: 0","level":"stat"}
{"@timestamp":"2023-10-08T02:53:20.836+08:00","caller":"stat/metrics.go:210","content":"(model.rpc) - qps: 0.0/s, drops: 0, avg time: 0.0ms, med: 0.0ms, 90th: 0.0ms, 99th: 0.0ms, 99.9th: 0.0ms","level":"stat"}
{"@timestamp":"2023-10-08T02:53:39.305+08:00","caller":"stat/metrics.go:210","content":"(kq) - qps: 0.0/s, drops: 0, avg time: 0.0ms, med: 0.0ms, 90th: 0.0ms, 99th: 0.0ms, 99.9th: 0.0ms","level":"stat"}
{"@timestamp":"2023-10-08T02:54:15.115+08:00","caller":"stat/usage.go:61","content":"CPU: 0m, MEMORY: Alloc=4.8Mi, TotalAlloc=57.3Mi, Sys=19.4Mi, NumGC=57","level":"stat"}
{"@timestamp":"2023-10-08T02:54:15.148+08:00","caller":"load/sheddingstat.go:61","content":"(rpc) shedding_stat [1m], cpu: 0, total: 0, pass: 0, drop: 0","level":"stat"}
{"@timestamp":"2023-10-08T02:54:20.845+08:00","caller":"stat/metrics.go:210","content":"(model.rpc) - qps: 0.0/s, drops: 0, avg time: 0.0ms, med: 0.0ms, 90th: 0.0ms, 99th: 0.0ms, 99.9th: 0.0ms","level":"stat"}
{"@timestamp":"2023-10-08T02:54:39.307+08:00","caller":"stat/metrics.go:210","content":"(kq) - qps: 0.0/s, drops: 0, avg time: 0.0ms, med: 0.0ms, 90th: 0.0ms, 99th: 0.0ms, 99.9th: 0.0ms","level":"stat"}
{"@timestamp":"2023-10-08T03:10:34.025+08:00","caller":"stat/usage.go:61","content":"CPU: 0m, MEMORY: Alloc=5.2Mi, TotalAlloc=57.7Mi, Sys=19.4Mi, NumGC=57","level":"stat"}
{"@timestamp":"2023-10-08T03:10:34.056+08:00","caller":"load/sheddingstat.go:61","content":"(rpc) shedding_stat [1m], cpu: 0, total: 0, pass: 0, drop: 0","level":"stat"}
{"@timestamp":"2023-10-08T03:10:39.743+08:00","caller":"stat/metrics.go:210","content":"(model.rpc) - qps: 0.0/s, drops: 0, avg time: 0.0ms, med: 0.0ms, 90th: 0.0ms, 99th: 0.0ms, 99.9th: 0.0ms","level":"stat"}
{"@timestamp":"2023-10-08T03:10:58.191+08:00","caller":"stat/metrics.go:210","content":"(kq) - qps: 0.0/s, drops: 0, avg time: 0.0ms, med: 0.0ms, 90th: 0.0ms, 99th: 0.0ms, 99.9th: 0.0ms","level":"stat"}
{"@timestamp":"2023-10-08T03:27:07.752+08:00","caller":"stat/usage.go:61","content":"CPU: 0m, MEMORY: Alloc=4.8Mi, TotalAlloc=58.1Mi, Sys=19.4Mi, NumGC=58","level":"stat"}
{"@timestamp":"2023-10-08T03:27:07.782+08:00","caller":"load/sheddingstat.go:61","content":"(rpc) shedding_stat [1m], cpu: 0, total: 0, pass: 0, drop: 0","level":"stat"}
{"@timestamp":"2023-10-08T03:27:13.478+08:00","caller":"stat/metrics.go:210","content":"(model.rpc) - qps: 0.0/s, drops: 0, avg time: 0.0ms, med: 0.0ms, 90th: 0.0ms, 99th: 0.0ms, 99.9th: 0.0ms","level":"stat"}
{"@timestamp":"2023-10-08T03:27:31.932+08:00","caller":"stat/metrics.go:210","content":"(kq) - qps: 0.0/s, drops: 0, avg time: 0.0ms, med: 0.0ms, 90th: 0.0ms, 99th: 0.0ms, 99.9th: 0.0ms","level":"stat"}
{"@timestamp":"2023-10-08T03:35:43.626+08:00","caller":"stat/usage.go:61","content":"CPU: 0m, MEMORY: Alloc=5.3Mi, TotalAlloc=58.6Mi, Sys=19.4Mi, NumGC=58","level":"stat"}
{"@timestamp":"2023-10-08T03:35:43.657+08:00","caller":"load/sheddingstat.go:61","content":"(rpc) shedding_stat [1m], cpu: 0, total: 0, pass: 0, drop: 0","level":"stat"}
{"@timestamp":"2023-10-08T03:35:49.357+08:00","caller":"stat/metrics.go:210","content":"(model.rpc) - qps: 0.0/s, drops: 0, avg time: 0.0ms, med: 0.0ms, 90th: 0.0ms, 99th: 0.0ms, 99.9th: 0.0ms","level":"stat"}
{"@timestamp":"2023-10-08T03:51:25.866+08:00","caller":"stat/metrics.go:210","content":"(kq) - qps: 0.0/s, drops: 0, avg time: 0.0ms, med: 0.0ms, 90th: 0.0ms, 99th: 0.0ms, 99.9th: 0.0ms","level":"stat"}
{"@timestamp":"2023-10-08T03:52:01.675+08:00","caller":"stat/usage.go:61","content":"CPU: 0m, MEMORY: Alloc=4.8Mi, TotalAlloc=59.0Mi, Sys=19.4Mi, NumGC=59","level":"stat"}
{"@timestamp":"2023-10-08T03:52:01.706+08:00","caller":"load/sheddingstat.go:61","content":"(rpc) shedding_stat [1m], cpu: 0, total: 0, pass: 0, drop: 0","level":"stat"}
{"@timestamp":"2023-10-08T03:52:07.404+08:00","caller":"stat/metrics.go:210","content":"(model.rpc) - qps: 0.0/s, drops: 0, avg time: 0.0ms, med: 0.0ms, 90th: 0.0ms, 99th: 0.0ms, 99.9th: 0.0ms","level":"stat"}
{"@timestamp":"2023-10-08T03:52:25.865+08:00","caller":"stat/metrics.go:210","content":"(kq) - qps: 0.0/s, drops: 0, avg time: 0.0ms, med: 0.0ms, 90th: 0.0ms, 99th: 0.0ms, 99.9th: 0.0ms","level":"stat"}
{"@timestamp":"2023-10-08T03:53:01.673+08:00","caller":"stat/usage.go:61","content":"CPU: 0m, MEMORY: Alloc=5.2Mi, TotalAlloc=59.5Mi, Sys=19.4Mi, NumGC=59","level":"stat"}
{"@timestamp":"2023-10-08T03:53:01.704+08:00","caller":"load/sheddingstat.go:61","content":"(rpc) shedding_stat [1m], cpu: 0, total: 0, pass: 0, drop: 0","level":"stat"}
{"@timestamp":"2023-10-08T03:53:07.402+08:00","caller":"stat/metrics.go:210","content":"(model.rpc) - qps: 0.0/s, drops: 0, avg time: 0.0ms, med: 0.0ms, 90th: 0.0ms, 99th: 0.0ms, 99.9th: 0.0ms","level":"stat"}
{"@timestamp":"2023-10-08T03:53:25.864+08:00","caller":"stat/metrics.go:210","content":"(kq) - qps: 0.0/s, drops: 0, avg time: 0.0ms, med: 0.0ms, 90th: 0.0ms, 99th: 0.0ms, 99.9th: 0.0ms","level":"stat"}
{"@timestamp":"2023-10-08T03:54:01.671+08:00","caller":"stat/usage.go:61","content":"CPU: 0m, MEMORY: Alloc=4.9Mi, TotalAlloc=59.9Mi, Sys=19.4Mi, NumGC=60","level":"stat"}
{"@timestamp":"2023-10-08T03:54:01.702+08:00","caller":"load/sheddingstat.go:61","content":"(rpc) shedding_stat [1m], cpu: 0, total: 0, pass: 0, drop: 0","level":"stat"}
{"@timestamp":"2023-10-08T03:54:07.401+08:00","caller":"stat/metrics.go:210","content":"(model.rpc) - qps: 0.0/s, drops: 0, avg time: 0.0ms, med: 0.0ms, 90th: 0.0ms, 99th: 0.0ms, 99.9th: 0.0ms","level":"stat"}
{"@timestamp":"2023-10-08T04:10:14.825+08:00","caller":"stat/metrics.go:210","content":"(kq) - qps: 0.0/s, drops: 0, avg time: 0.0ms, med: 0.0ms, 90th: 0.0ms, 99th: 0.0ms, 99.9th: 0.0ms","level":"stat"}
{"@timestamp":"2023-10-08T04:10:50.663+08:00","caller":"stat/usage.go:61","content":"CPU: 0m, MEMORY: Alloc=5.3Mi, TotalAlloc=60.3Mi, Sys=19.4Mi, NumGC=60","level":"stat"}
{"@timestamp":"2023-10-08T04:10:50.695+08:00","caller":"load/sheddingstat.go:61","content":"(rpc) shedding_stat [1m], cpu: 0, total: 0, pass: 0, drop: 0","level":"stat"}
{"@timestamp":"2023-10-08T04:10:56.394+08:00","caller":"stat/metrics.go:210","content":"(model.rpc) - qps: 0.0/s, drops: 0, avg time: 0.0ms, med: 0.0ms, 90th: 0.0ms, 99th: 0.0ms, 99.9th: 0.0ms","level":"stat"}
{"@timestamp":"2023-10-08T04:26:13.702+08:00","caller":"stat/metrics.go:210","content":"(kq) - qps: 0.0/s, drops: 0, avg time: 0.0ms, med: 0.0ms, 90th: 0.0ms, 99th: 0.0ms, 99.9th: 0.0ms","level":"stat"}
{"@timestamp":"2023-10-08T04:42:22.363+08:00","caller":"stat/usage.go:61","content":"CPU: 0m, MEMORY: Alloc=4.9Mi, TotalAlloc=60.8Mi, Sys=19.4Mi, NumGC=61","level":"stat"}
{"@timestamp":"2023-10-08T04:42:22.386+08:00","caller":"load/sheddingstat.go:61","content":"(rpc) shedding_stat [1m], cpu: 0, total: 0, pass: 0, drop: 0","level":"stat"}
{"@timestamp":"2023-10-08T04:42:28.081+08:00","caller":"stat/metrics.go:210","content":"(model.rpc) - qps: 0.0/s, drops: 0, avg time: 0.0ms, med: 0.0ms, 90th: 0.0ms, 99th: 0.0ms, 99.9th: 0.0ms","level":"stat"}
{"@timestamp":"2023-10-08T04:42:46.536+08:00","caller":"stat/metrics.go:210","content":"(kq) - qps: 0.0/s, drops: 0, avg time: 0.0ms, med: 0.0ms, 90th: 0.0ms, 99th: 0.0ms, 99.9th: 0.0ms","level":"stat"}
{"@timestamp":"2023-10-08T04:43:22.342+08:00","caller":"stat/usage.go:61","content":"CPU: 0m, MEMORY: Alloc=5.4Mi, TotalAlloc=61.3Mi, Sys=19.4Mi, NumGC=61","level":"stat"}
{"@timestamp":"2023-10-08T04:43:22.374+08:00","caller":"load/sheddingstat.go:61","content":"(rpc) shedding_stat [1m], cpu: 0, total: 0, pass: 0, drop: 0","level":"stat"}
{"@timestamp":"2023-10-08T04:43:28.072+08:00","caller":"stat/metrics.go:210","content":"(model.rpc) - qps: 0.0/s, drops: 0, avg time: 0.0ms, med: 0.0ms, 90th: 0.0ms, 99th: 0.0ms, 99.9th: 0.0ms","level":"stat"}
{"@timestamp":"2023-10-08T04:43:46.532+08:00","caller":"stat/metrics.go:210","content":"(kq) - qps: 0.0/s, drops: 0, avg time: 0.0ms, med: 0.0ms, 90th: 0.0ms, 99th: 0.0ms, 99.9th: 0.0ms","level":"stat"}
{"@timestamp":"2023-10-08T04:44:22.340+08:00","caller":"stat/usage.go:61","content":"CPU: 0m, MEMORY: Alloc=4.8Mi, TotalAlloc=61.7Mi, Sys=19.4Mi, NumGC=62","level":"stat"}
{"@timestamp":"2023-10-08T04:44:22.372+08:00","caller":"load/sheddingstat.go:61","content":"(rpc) shedding_stat [1m], cpu: 0, total: 0, pass: 0, drop: 0","level":"stat"}
{"@timestamp":"2023-10-08T04:44:28.070+08:00","caller":"stat/metrics.go:210","content":"(model.rpc) - qps: 0.0/s, drops: 0, avg time: 0.0ms, med: 0.0ms, 90th: 0.0ms, 99th: 0.0ms, 99.9th: 0.0ms","level":"stat"}
{"@timestamp":"2023-10-08T04:44:46.531+08:00","caller":"stat/metrics.go:210","content":"(kq) - qps: 0.0/s, drops: 0, avg time: 0.0ms, med: 0.0ms, 90th: 0.0ms, 99th: 0.0ms, 99.9th: 0.0ms","level":"stat"}
{"@timestamp":"2023-10-08T05:02:27.257+08:00","caller":"stat/usage.go:61","content":"CPU: 0m, MEMORY: Alloc=5.3Mi, TotalAlloc=62.2Mi, Sys=19.4Mi, NumGC=62","level":"stat"}
{"@timestamp":"2023-10-08T05:02:27.286+08:00","caller":"load/sheddingstat.go:61","content":"(rpc) shedding_stat [1m], cpu: 0, total: 0, pass: 0, drop: 0","level":"stat"}
{"@timestamp":"2023-10-08T05:02:32.973+08:00","caller":"stat/metrics.go:210","content":"(model.rpc) - qps: 0.0/s, drops: 0, avg time: 0.0ms, med: 0.0ms, 90th: 0.0ms, 99th: 0.0ms, 99.9th: 0.0ms","level":"stat"}
{"@timestamp":"2023-10-08T05:02:51.415+08:00","caller":"stat/metrics.go:210","content":"(kq) - qps: 0.0/s, drops: 0, avg time: 0.0ms, med: 0.0ms, 90th: 0.0ms, 99th: 0.0ms, 99.9th: 0.0ms","level":"stat"}
{"@timestamp":"2023-10-08T05:20:06.815+08:00","caller":"stat/usage.go:61","content":"CPU: 0m, MEMORY: Alloc=4.8Mi, TotalAlloc=62.6Mi, Sys=19.4Mi, NumGC=63","level":"stat"}
{"@timestamp":"2023-10-08T05:20:06.847+08:00","caller":"load/sheddingstat.go:61","content":"(rpc) shedding_stat [1m], cpu: 0, total: 0, pass: 0, drop: 0","level":"stat"}
{"@timestamp":"2023-10-08T05:20:12.549+08:00","caller":"stat/metrics.go:210","content":"(model.rpc) - qps: 0.0/s, drops: 0, avg time: 0.0ms, med: 0.0ms, 90th: 0.0ms, 99th: 0.0ms, 99.9th: 0.0ms","level":"stat"}
{"@timestamp":"2023-10-08T05:20:31.025+08:00","caller":"stat/metrics.go:210","content":"(kq) - qps: 0.0/s, drops: 0, avg time: 0.0ms, med: 0.0ms, 90th: 0.0ms, 99th: 0.0ms, 99.9th: 0.0ms","level":"stat"}
{"@timestamp":"2023-10-08T05:21:06.839+08:00","caller":"stat/usage.go:61","content":"CPU: 0m, MEMORY: Alloc=5.2Mi, TotalAlloc=63.1Mi, Sys=19.4Mi, NumGC=63","level":"stat"}
{"@timestamp":"2023-10-08T05:21:06.870+08:00","caller":"load/sheddingstat.go:61","content":"(rpc) shedding_stat [1m], cpu: 0, total: 0, pass: 0, drop: 0","level":"stat"}
{"@timestamp":"2023-10-08T05:21:12.570+08:00","caller":"stat/metrics.go:210","content":"(model.rpc) - qps: 0.0/s, drops: 0, avg time: 0.0ms, med: 0.0ms, 90th: 0.0ms, 99th: 0.0ms, 99.9th: 0.0ms","level":"stat"}
{"@timestamp":"2023-10-08T05:21:31.030+08:00","caller":"stat/metrics.go:210","content":"(kq) - qps: 0.0/s, drops: 0, avg time: 0.0ms, med: 0.0ms, 90th: 0.0ms, 99th: 0.0ms, 99.9th: 0.0ms","level":"stat"}
{"@timestamp":"2023-10-08T05:38:06.609+08:00","caller":"stat/usage.go:61","content":"CPU: 0m, MEMORY: Alloc=4.8Mi, TotalAlloc=63.5Mi, Sys=19.4Mi, NumGC=64","level":"stat"}
{"@timestamp":"2023-10-08T05:38:06.639+08:00","caller":"load/sheddingstat.go:61","content":"(rpc) shedding_stat [1m], cpu: 0, total: 0, pass: 0, drop: 0","level":"stat"}
{"@timestamp":"2023-10-08T05:38:12.338+08:00","caller":"stat/metrics.go:210","content":"(model.rpc) - qps: 0.0/s, drops: 0, avg time: 0.0ms, med: 0.0ms, 90th: 0.0ms, 99th: 0.0ms, 99.9th: 0.0ms","level":"stat"}
{"@timestamp":"2023-10-08T05:38:30.797+08:00","caller":"stat/metrics.go:210","content":"(kq) - qps: 0.0/s, drops: 0, avg time: 0.0ms, med: 0.0ms, 90th: 0.0ms, 99th: 0.0ms, 99.9th: 0.0ms","level":"stat"}
{"@timestamp":"2023-10-08T05:39:06.603+08:00","caller":"stat/usage.go:61","content":"CPU: 0m, MEMORY: Alloc=5.1Mi, TotalAlloc=63.9Mi, Sys=19.4Mi, NumGC=64","level":"stat"}
{"@timestamp":"2023-10-08T05:39:06.636+08:00","caller":"load/sheddingstat.go:61","content":"(rpc) shedding_stat [1m], cpu: 0, total: 0, pass: 0, drop: 0","level":"stat"}
{"@timestamp":"2023-10-08T05:39:12.335+08:00","caller":"stat/metrics.go:210","content":"(model.rpc) - qps: 0.0/s, drops: 0, avg time: 0.0ms, med: 0.0ms, 90th: 0.0ms, 99th: 0.0ms, 99.9th: 0.0ms","level":"stat"}
{"@timestamp":"2023-10-08T05:39:30.795+08:00","caller":"stat/metrics.go:210","content":"(kq) - qps: 0.0/s, drops: 0, avg time: 0.0ms, med: 0.0ms, 90th: 0.0ms, 99th: 0.0ms, 99.9th: 0.0ms","level":"stat"}
{"@timestamp":"2023-10-08T05:56:02.362+08:00","caller":"stat/usage.go:61","content":"CPU: 0m, MEMORY: Alloc=4.8Mi, TotalAlloc=64.3Mi, Sys=19.4Mi, NumGC=65","level":"stat"}
{"@timestamp":"2023-10-08T05:56:02.394+08:00","caller":"load/sheddingstat.go:61","content":"(rpc) shedding_stat [1m], cpu: 0, total: 0, pass: 0, drop: 0","level":"stat"}
{"@timestamp":"2023-10-08T05:56:08.093+08:00","caller":"stat/metrics.go:210","content":"(model.rpc) - qps: 0.0/s, drops: 0, avg time: 0.0ms, med: 0.0ms, 90th: 0.0ms, 99th: 0.0ms, 99.9th: 0.0ms","level":"stat"}
{"@timestamp":"2023-10-08T05:56:26.554+08:00","caller":"stat/metrics.go:210","content":"(kq) - qps: 0.0/s, drops: 0, avg time: 0.0ms, med: 0.0ms, 90th: 0.0ms, 99th: 0.0ms, 99.9th: 0.0ms","level":"stat"}
{"@timestamp":"2023-10-08T06:12:46.009+08:00","caller":"stat/usage.go:61","content":"CPU: 0m, MEMORY: Alloc=5.1Mi, TotalAlloc=64.7Mi, Sys=19.4Mi, NumGC=65","level":"stat"}
{"@timestamp":"2023-10-08T06:12:46.040+08:00","caller":"load/sheddingstat.go:61","content":"(rpc) shedding_stat [1m], cpu: 0, total: 0, pass: 0, drop: 0","level":"stat"}
{"@timestamp":"2023-10-08T06:12:51.736+08:00","caller":"stat/metrics.go:210","content":"(model.rpc) - qps: 0.0/s, drops: 0, avg time: 0.0ms, med: 0.0ms, 90th: 0.0ms, 99th: 0.0ms, 99.9th: 0.0ms","level":"stat"}
{"@timestamp":"2023-10-08T06:13:10.193+08:00","caller":"stat/metrics.go:210","content":"(kq) - qps: 0.0/s, drops: 0, avg time: 0.0ms, med: 0.0ms, 90th: 0.0ms, 99th: 0.0ms, 99.9th: 0.0ms","level":"stat"}
{"@timestamp":"2023-10-08T06:13:45.999+08:00","caller":"stat/usage.go:61","content":"CPU: 0m, MEMORY: Alloc=4.8Mi, TotalAlloc=65.1Mi, Sys=19.4Mi, NumGC=66","level":"stat"}
{"@timestamp":"2023-10-08T06:13:46.031+08:00","caller":"load/sheddingstat.go:61","content":"(rpc) shedding_stat [1m], cpu: 0, total: 0, pass: 0, drop: 0","level":"stat"}
{"@timestamp":"2023-10-08T06:13:51.729+08:00","caller":"stat/metrics.go:210","content":"(model.rpc) - qps: 0.0/s, drops: 0, avg time: 0.0ms, med: 0.0ms, 90th: 0.0ms, 99th: 0.0ms, 99.9th: 0.0ms","level":"stat"}
{"@timestamp":"2023-10-08T06:14:10.189+08:00","caller":"stat/metrics.go:210","content":"(kq) - qps: 0.0/s, drops: 0, avg time: 0.0ms, med: 0.0ms, 90th: 0.0ms, 99th: 0.0ms, 99.9th: 0.0ms","level":"stat"}
{"@timestamp":"2023-10-08T06:31:35.376+08:00","caller":"stat/usage.go:61","content":"CPU: 0m, MEMORY: Alloc=5.3Mi, TotalAlloc=65.7Mi, Sys=19.4Mi, NumGC=66","level":"stat"}
{"@timestamp":"2023-10-08T06:31:35.408+08:00","caller":"load/sheddingstat.go:61","content":"(rpc) shedding_stat [1m], cpu: 0, total: 0, pass: 0, drop: 0","level":"stat"}
{"@timestamp":"2023-10-08T06:31:41.101+08:00","caller":"stat/metrics.go:210","content":"(model.rpc) - qps: 0.0/s, drops: 0, avg time: 0.0ms, med: 0.0ms, 90th: 0.0ms, 99th: 0.0ms, 99.9th: 0.0ms","level":"stat"}
{"@timestamp":"2023-10-08T06:31:59.553+08:00","caller":"stat/metrics.go:210","content":"(kq) - qps: 0.0/s, drops: 0, avg time: 0.0ms, med: 0.0ms, 90th: 0.0ms, 99th: 0.0ms, 99.9th: 0.0ms","level":"stat"}
{"@timestamp":"2023-10-08T06:32:35.343+08:00","caller":"stat/usage.go:61","content":"CPU: 0m, MEMORY: Alloc=4.9Mi, TotalAlloc=66.1Mi, Sys=19.4Mi, NumGC=67","level":"stat"}
{"@timestamp":"2023-10-08T06:32:35.374+08:00","caller":"load/sheddingstat.go:61","content":"(rpc) shedding_stat [1m], cpu: 0, total: 0, pass: 0, drop: 0","level":"stat"}
{"@timestamp":"2023-10-08T06:32:41.069+08:00","caller":"stat/metrics.go:210","content":"(model.rpc) - qps: 0.0/s, drops: 0, avg time: 0.0ms, med: 0.0ms, 90th: 0.0ms, 99th: 0.0ms, 99.9th: 0.0ms","level":"stat"}
{"@timestamp":"2023-10-08T06:48:37.935+08:00","caller":"stat/metrics.go:210","content":"(kq) - qps: 0.0/s, drops: 0, avg time: 0.0ms, med: 0.0ms, 90th: 0.0ms, 99th: 0.0ms, 99.9th: 0.0ms","level":"stat"}
{"@timestamp":"2023-10-08T06:49:13.754+08:00","caller":"stat/usage.go:61","content":"CPU: 0m, MEMORY: Alloc=5.2Mi, TotalAlloc=66.5Mi, Sys=19.4Mi, NumGC=67","level":"stat"}
{"@timestamp":"2023-10-08T06:49:13.787+08:00","caller":"load/sheddingstat.go:61","content":"(rpc) shedding_stat [1m], cpu: 0, total: 0, pass: 0, drop: 0","level":"stat"}
{"@timestamp":"2023-10-08T06:49:19.486+08:00","caller":"stat/metrics.go:210","content":"(model.rpc) - qps: 0.0/s, drops: 0, avg time: 0.0ms, med: 0.0ms, 90th: 0.0ms, 99th: 0.0ms, 99.9th: 0.0ms","level":"stat"}
{"@timestamp":"2023-10-08T07:05:49.038+08:00","caller":"stat/metrics.go:210","content":"(kq) - qps: 0.0/s, drops: 0, avg time: 0.0ms, med: 0.0ms, 90th: 0.0ms, 99th: 0.0ms, 99.9th: 0.0ms","level":"stat"}
{"@timestamp":"2023-10-08T07:06:24.867+08:00","caller":"stat/usage.go:61","content":"CPU: 0m, MEMORY: Alloc=4.9Mi, TotalAlloc=67.0Mi, Sys=19.4Mi, NumGC=68","level":"stat"}
{"@timestamp":"2023-10-08T07:06:24.897+08:00","caller":"load/sheddingstat.go:61","content":"(rpc) shedding_stat [1m], cpu: 0, total: 0, pass: 0, drop: 0","level":"stat"}
{"@timestamp":"2023-10-08T07:23:27.497+08:00","caller":"stat/metrics.go:210","content":"(model.rpc) - qps: 0.0/s, drops: 0, avg time: 0.0ms, med: 0.0ms, 90th: 0.0ms, 99th: 0.0ms, 99.9th: 0.0ms","level":"stat"}
{"@timestamp":"2023-10-08T07:23:45.974+08:00","caller":"stat/metrics.go:210","content":"(kq) - qps: 0.0/s, drops: 0, avg time: 0.0ms, med: 0.0ms, 90th: 0.0ms, 99th: 0.0ms, 99.9th: 0.0ms","level":"stat"}
{"@timestamp":"2023-10-08T07:41:37.206+08:00","caller":"stat/usage.go:61","content":"CPU: 0m, MEMORY: Alloc=5.3Mi, TotalAlloc=67.4Mi, Sys=19.4Mi, NumGC=68","level":"stat"}
{"@timestamp":"2023-10-08T07:41:37.238+08:00","caller":"load/sheddingstat.go:61","content":"(rpc) shedding_stat [1m], cpu: 0, total: 0, pass: 0, drop: 0","level":"stat"}
{"@timestamp":"2023-10-08T07:41:42.941+08:00","caller":"stat/metrics.go:210","content":"(model.rpc) - qps: 0.0/s, drops: 0, avg time: 0.0ms, med: 0.0ms, 90th: 0.0ms, 99th: 0.0ms, 99.9th: 0.0ms","level":"stat"}
{"@timestamp":"2023-10-08T07:42:01.408+08:00","caller":"stat/metrics.go:210","content":"(kq) - qps: 0.0/s, drops: 0, avg time: 0.0ms, med: 0.0ms, 90th: 0.0ms, 99th: 0.0ms, 99.9th: 0.0ms","level":"stat"}
{"@timestamp":"2023-10-08T07:58:50.053+08:00","caller":"stat/usage.go:61","content":"CPU: 0m, MEMORY: Alloc=4.8Mi, TotalAlloc=67.8Mi, Sys=19.4Mi, NumGC=69","level":"stat"}
{"@timestamp":"2023-10-08T07:58:50.084+08:00","caller":"load/sheddingstat.go:61","content":"(rpc) shedding_stat [1m], cpu: 0, total: 0, pass: 0, drop: 0","level":"stat"}
{"@timestamp":"2023-10-08T07:58:55.783+08:00","caller":"stat/metrics.go:210","content":"(model.rpc) - qps: 0.0/s, drops: 0, avg time: 0.0ms, med: 0.0ms, 90th: 0.0ms, 99th: 0.0ms, 99.9th: 0.0ms","level":"stat"}
{"@timestamp":"2023-10-08T07:59:14.248+08:00","caller":"stat/metrics.go:210","content":"(kq) - qps: 0.0/s, drops: 0, avg time: 0.0ms, med: 0.0ms, 90th: 0.0ms, 99th: 0.0ms, 99.9th: 0.0ms","level":"stat"}
{"@timestamp":"2023-10-08T08:13:29.962+08:00","caller":"stat/usage.go:61","content":"CPU: 0m, MEMORY: Alloc=5.2Mi, TotalAlloc=68.3Mi, Sys=19.4Mi, NumGC=69","level":"stat"}
{"@timestamp":"2023-10-08T08:13:29.994+08:00","caller":"load/sheddingstat.go:61","content":"(rpc) shedding_stat [1m], cpu: 0, total: 0, pass: 0, drop: 0","level":"stat"}
{"@timestamp":"2023-10-08T08:13:35.691+08:00","caller":"stat/metrics.go:210","content":"(model.rpc) - qps: 0.0/s, drops: 0, avg time: 0.0ms, med: 0.0ms, 90th: 0.0ms, 99th: 0.0ms, 99.9th: 0.0ms","level":"stat"}
{"@timestamp":"2023-10-08T08:29:13.158+08:00","caller":"stat/metrics.go:210","content":"(kq) - qps: 0.0/s, drops: 0, avg time: 0.0ms, med: 0.0ms, 90th: 0.0ms, 99th: 0.0ms, 99.9th: 0.0ms","level":"stat"}
{"@timestamp":"2023-10-08T08:29:48.950+08:00","caller":"stat/usage.go:61","content":"CPU: 0m, MEMORY: Alloc=5.0Mi, TotalAlloc=68.8Mi, Sys=19.4Mi, NumGC=70","level":"stat"}
{"@timestamp":"2023-10-08T08:29:48.980+08:00","caller":"load/sheddingstat.go:61","content":"(rpc) shedding_stat [1m], cpu: 0, total: 0, pass: 0, drop: 0","level":"stat"}
{"@timestamp":"2023-10-08T08:46:59.629+08:00","caller":"stat/metrics.go:210","content":"(model.rpc) - qps: 0.0/s, drops: 0, avg time: 0.0ms, med: 0.0ms, 90th: 0.0ms, 99th: 0.0ms, 99.9th: 0.0ms","level":"stat"}
{"@timestamp":"2023-10-08T08:47:18.077+08:00","caller":"stat/metrics.go:210","content":"(kq) - qps: 0.0/s, drops: 0, avg time: 0.0ms, med: 0.0ms, 90th: 0.0ms, 99th: 0.0ms, 99.9th: 0.0ms","level":"stat"}
{"@timestamp":"2023-10-08T08:47:53.879+08:00","caller":"stat/usage.go:61","content":"CPU: 0m, MEMORY: Alloc=5.4Mi, TotalAlloc=69.3Mi, Sys=19.4Mi, NumGC=70","level":"stat"}
{"@timestamp":"2023-10-08T08:47:53.910+08:00","caller":"load/sheddingstat.go:61","content":"(rpc) shedding_stat [1m], cpu: 0, total: 0, pass: 0, drop: 0","level":"stat"}
{"@timestamp":"2023-10-08T08:47:59.609+08:00","caller":"stat/metrics.go:210","content":"(model.rpc) - qps: 0.0/s, drops: 0, avg time: 0.0ms, med: 0.0ms, 90th: 0.0ms, 99th: 0.0ms, 99.9th: 0.0ms","level":"stat"}
{"@timestamp":"2023-10-08T09:03:36.679+08:00","caller":"stat/metrics.go:210","content":"(kq) - qps: 0.0/s, drops: 0, avg time: 0.0ms, med: 0.0ms, 90th: 0.0ms, 99th: 0.0ms, 99.9th: 0.0ms","level":"stat"}
{"@timestamp":"2023-10-08T09:19:23.358+08:00","caller":"stat/usage.go:61","content":"CPU: 0m, MEMORY: Alloc=4.9Mi, TotalAlloc=69.8Mi, Sys=19.4Mi, NumGC=71","level":"stat"}
{"@timestamp":"2023-10-08T09:19:23.390+08:00","caller":"load/sheddingstat.go:61","content":"(rpc) shedding_stat [1m], cpu: 0, total: 0, pass: 0, drop: 0","level":"stat"}
{"@timestamp":"2023-10-08T09:19:29.084+08:00","caller":"stat/metrics.go:210","content":"(model.rpc) - qps: 0.0/s, drops: 0, avg time: 0.0ms, med: 0.0ms, 90th: 0.0ms, 99th: 0.0ms, 99.9th: 0.0ms","level":"stat"}
{"@timestamp":"2023-10-08T09:19:47.536+08:00","caller":"stat/metrics.go:210","content":"(kq) - qps: 0.0/s, drops: 0, avg time: 0.0ms, med: 0.0ms, 90th: 0.0ms, 99th: 0.0ms, 99.9th: 0.0ms","level":"stat"}
{"@timestamp":"2023-10-08T09:28:48.391+08:00","caller":"stat/usage.go:61","content":"CPU: 0m, MEMORY: Alloc=5.4Mi, TotalAlloc=70.3Mi, Sys=19.4Mi, NumGC=71","level":"stat"}
{"@timestamp":"2023-10-08T09:28:48.419+08:00","caller":"load/sheddingstat.go:61","content":"(rpc) shedding_stat [1m], cpu: 0, total: 0, pass: 0, drop: 0","level":"stat"}
{"@timestamp":"2023-10-08T09:28:54.116+08:00","caller":"stat/metrics.go:210","content":"(model.rpc) - qps: 0.0/s, drops: 0, avg time: 0.0ms, med: 0.0ms, 90th: 0.0ms, 99th: 0.0ms, 99.9th: 0.0ms","level":"stat"}
{"@timestamp":"2023-10-08T09:29:12.575+08:00","caller":"stat/metrics.go:210","content":"(kq) - qps: 0.0/s, drops: 0, avg time: 0.0ms, med: 0.0ms, 90th: 0.0ms, 99th: 0.0ms, 99.9th: 0.0ms","level":"stat"}
{"@timestamp":"2023-10-08T09:29:48.382+08:00","caller":"stat/usage.go:61","content":"CPU: 0m, MEMORY: Alloc=4.8Mi, TotalAlloc=70.7Mi, Sys=19.4Mi, NumGC=72","level":"stat"}
{"@timestamp":"2023-10-08T09:29:48.413+08:00","caller":"load/sheddingstat.go:61","content":"(rpc) shedding_stat [1m], cpu: 0, total: 0, pass: 0, drop: 0","level":"stat"}
{"@timestamp":"2023-10-08T09:29:54.112+08:00","caller":"stat/metrics.go:210","content":"(model.rpc) - qps: 0.0/s, drops: 0, avg time: 0.0ms, med: 0.0ms, 90th: 0.0ms, 99th: 0.0ms, 99.9th: 0.0ms","level":"stat"}
{"@timestamp":"2023-10-08T09:30:12.572+08:00","caller":"stat/metrics.go:210","content":"(kq) - qps: 0.0/s, drops: 0, avg time: 0.0ms, med: 0.0ms, 90th: 0.0ms, 99th: 0.0ms, 99.9th: 0.0ms","level":"stat"}
{"@timestamp":"2023-10-08T09:30:48.379+08:00","caller":"stat/usage.go:61","content":"CPU: 0m, MEMORY: Alloc=5.2Mi, TotalAlloc=71.1Mi, Sys=19.4Mi, NumGC=72","level":"stat"}
{"@timestamp":"2023-10-08T09:30:48.411+08:00","caller":"load/sheddingstat.go:61","content":"(rpc) shedding_stat [1m], cpu: 0, total: 0, pass: 0, drop: 0","level":"stat"}
{"@timestamp":"2023-10-08T09:30:54.119+08:00","caller":"stat/metrics.go:210","content":"(model.rpc) - qps: 0.0/s, drops: 0, avg time: 0.0ms, med: 0.0ms, 90th: 0.0ms, 99th: 0.0ms, 99.9th: 0.0ms","level":"stat"}
{"@timestamp":"2023-10-08T09:31:12.570+08:00","caller":"stat/metrics.go:210","content":"(kq) - qps: 0.0/s, drops: 0, avg time: 0.0ms, med: 0.0ms, 90th: 0.0ms, 99th: 0.0ms, 99.9th: 0.0ms","level":"stat"}
{"@timestamp":"2023-10-08T09:31:48.379+08:00","caller":"stat/usage.go:61","content":"CPU: 0m, MEMORY: Alloc=4.9Mi, TotalAlloc=71.6Mi, Sys=19.4Mi, NumGC=73","level":"stat"}
{"@timestamp":"2023-10-08T09:31:48.409+08:00","caller":"load/sheddingstat.go:61","content":"(rpc) shedding_stat [1m], cpu: 0, total: 0, pass: 0, drop: 0","level":"stat"}
{"@timestamp":"2023-10-08T09:31:54.107+08:00","caller":"stat/metrics.go:210","content":"(model.rpc) - qps: 0.0/s, drops: 0, avg time: 0.0ms, med: 0.0ms, 90th: 0.0ms, 99th: 0.0ms, 99.9th: 0.0ms","level":"stat"}
{"@timestamp":"2023-10-08T09:32:12.568+08:00","caller":"stat/metrics.go:210","content":"(kq) - qps: 0.0/s, drops: 0, avg time: 0.0ms, med: 0.0ms, 90th: 0.0ms, 99th: 0.0ms, 99.9th: 0.0ms","level":"stat"}
{"@timestamp":"2023-10-08T09:32:48.375+08:00","caller":"stat/usage.go:61","content":"CPU: 0m, MEMORY: Alloc=5.4Mi, TotalAlloc=72.1Mi, Sys=19.4Mi, NumGC=73","level":"stat"}
{"@timestamp":"2023-10-08T09:32:48.407+08:00","caller":"load/sheddingstat.go:61","content":"(rpc) shedding_stat [1m], cpu: 0, total: 0, pass: 0, drop: 0","level":"stat"}
{"@timestamp":"2023-10-08T09:32:54.105+08:00","caller":"stat/metrics.go:210","content":"(model.rpc) - qps: 0.0/s, drops: 0, avg time: 0.0ms, med: 0.0ms, 90th: 0.0ms, 99th: 0.0ms, 99.9th: 0.0ms","level":"stat"}
{"@timestamp":"2023-10-08T09:33:12.566+08:00","caller":"stat/metrics.go:210","content":"(kq) - qps: 0.0/s, drops: 0, avg time: 0.0ms, med: 0.0ms, 90th: 0.0ms, 99th: 0.0ms, 99.9th: 0.0ms","level":"stat"}
{"@timestamp":"2023-10-08T09:33:48.351+08:00","caller":"stat/usage.go:61","content":"CPU: 0m, MEMORY: Alloc=4.9Mi, TotalAlloc=72.6Mi, Sys=19.4Mi, NumGC=74","level":"stat"}
{"@timestamp":"2023-10-08T09:33:48.382+08:00","caller":"load/sheddingstat.go:61","content":"(rpc) shedding_stat [1m], cpu: 0, total: 0, pass: 0, drop: 0","level":"stat"}
{"@timestamp":"2023-10-08T09:33:54.078+08:00","caller":"stat/metrics.go:210","content":"(model.rpc) - qps: 0.0/s, drops: 0, avg time: 0.0ms, med: 0.0ms, 90th: 0.0ms, 99th: 0.0ms, 99.9th: 0.0ms","level":"stat"}
{"@timestamp":"2023-10-08T09:34:12.533+08:00","caller":"stat/metrics.go:210","content":"(kq) - qps: 0.0/s, drops: 0, avg time: 0.0ms, med: 0.0ms, 90th: 0.0ms, 99th: 0.0ms, 99.9th: 0.0ms","level":"stat"}
{"@timestamp":"2023-10-08T09:34:48.338+08:00","caller":"stat/usage.go:61","content":"CPU: 0m, MEMORY: Alloc=5.2Mi, TotalAlloc=73.0Mi, Sys=19.4Mi, NumGC=74","level":"stat"}
{"@timestamp":"2023-10-08T09:34:48.370+08:00","caller":"load/sheddingstat.go:61","content":"(rpc) shedding_stat [1m], cpu: 0, total: 0, pass: 0, drop: 0","level":"stat"}
{"@timestamp":"2023-10-08T09:34:54.068+08:00","caller":"stat/metrics.go:210","content":"(model.rpc) - qps: 0.0/s, drops: 0, avg time: 0.0ms, med: 0.0ms, 90th: 0.0ms, 99th: 0.0ms, 99.9th: 0.0ms","level":"stat"}
{"@timestamp":"2023-10-08T09:35:12.528+08:00","caller":"stat/metrics.go:210","content":"(kq) - qps: 0.0/s, drops: 0, avg time: 0.0ms, med: 0.0ms, 90th: 0.0ms, 99th: 0.0ms, 99.9th: 0.0ms","level":"stat"}
{"@timestamp":"2023-10-08T09:35:48.335+08:00","caller":"stat/usage.go:61","content":"CPU: 0m, MEMORY: Alloc=4.8Mi, TotalAlloc=73.3Mi, Sys=19.4Mi, NumGC=75","level":"stat"}
{"@timestamp":"2023-10-08T09:35:48.367+08:00","caller":"load/sheddingstat.go:61","content":"(rpc) shedding_stat [1m], cpu: 0, total: 0, pass: 0, drop: 0","level":"stat"}
{"@timestamp":"2023-10-08T09:35:54.065+08:00","caller":"stat/metrics.go:210","content":"(model.rpc) - qps: 0.0/s, drops: 0, avg time: 0.0ms, med: 0.0ms, 90th: 0.0ms, 99th: 0.0ms, 99.9th: 0.0ms","level":"stat"}
{"@timestamp":"2023-10-08T09:36:12.525+08:00","caller":"stat/metrics.go:210","content":"(kq) - qps: 0.0/s, drops: 0, avg time: 0.0ms, med: 0.0ms, 90th: 0.0ms, 99th: 0.0ms, 99.9th: 0.0ms","level":"stat"}
{"@timestamp":"2023-10-08T09:36:48.332+08:00","caller":"stat/usage.go:61","content":"CPU: 0m, MEMORY: Alloc=5.3Mi, TotalAlloc=73.8Mi, Sys=19.4Mi, NumGC=75","level":"stat"}
{"@timestamp":"2023-10-08T09:36:48.365+08:00","caller":"load/sheddingstat.go:61","content":"(rpc) shedding_stat [1m], cpu: 0, total: 0, pass: 0, drop: 0","level":"stat"}
{"@timestamp":"2023-10-08T09:36:54.063+08:00","caller":"stat/metrics.go:210","content":"(model.rpc) - qps: 0.0/s, drops: 0, avg time: 0.0ms, med: 0.0ms, 90th: 0.0ms, 99th: 0.0ms, 99.9th: 0.0ms","level":"stat"}
{"@timestamp":"2023-10-08T09:37:12.523+08:00","caller":"stat/metrics.go:210","content":"(kq) - qps: 0.0/s, drops: 0, avg time: 0.0ms, med: 0.0ms, 90th: 0.0ms, 99th: 0.0ms, 99.9th: 0.0ms","level":"stat"}
{"@timestamp":"2023-10-08T09:37:48.330+08:00","caller":"stat/usage.go:61","content":"CPU: 0m, MEMORY: Alloc=4.8Mi, TotalAlloc=74.3Mi, Sys=19.4Mi, NumGC=76","level":"stat"}
{"@timestamp":"2023-10-08T09:37:48.362+08:00","caller":"load/sheddingstat.go:61","content":"(rpc) shedding_stat [1m], cpu: 0, total: 0, pass: 0, drop: 0","level":"stat"}
{"@timestamp":"2023-10-08T09:37:54.060+08:00","caller":"stat/metrics.go:210","content":"(model.rpc) - qps: 0.0/s, drops: 0, avg time: 0.0ms, med: 0.0ms, 90th: 0.0ms, 99th: 0.0ms, 99.9th: 0.0ms","level":"stat"}
{"@timestamp":"2023-10-08T09:38:12.521+08:00","caller":"stat/metrics.go:210","content":"(kq) - qps: 0.0/s, drops: 0, avg time: 0.0ms, med: 0.0ms, 90th: 0.0ms, 99th: 0.0ms, 99.9th: 0.0ms","level":"stat"}
{"@timestamp":"2023-10-08T09:38:48.327+08:00","caller":"stat/usage.go:61","content":"CPU: 0m, MEMORY: Alloc=5.4Mi, TotalAlloc=74.8Mi, Sys=19.4Mi, NumGC=76","level":"stat"}
{"@timestamp":"2023-10-08T09:38:48.360+08:00","caller":"load/sheddingstat.go:61","content":"(rpc) shedding_stat [1m], cpu: 0, total: 0, pass: 0, drop: 0","level":"stat"}
{"@timestamp":"2023-10-08T09:38:54.058+08:00","caller":"stat/metrics.go:210","content":"(model.rpc) - qps: 0.0/s, drops: 0, avg time: 0.0ms, med: 0.0ms, 90th: 0.0ms, 99th: 0.0ms, 99.9th: 0.0ms","level":"stat"}
{"@timestamp":"2023-10-08T09:39:12.518+08:00","caller":"stat/metrics.go:210","content":"(kq) - qps: 0.0/s, drops: 0, avg time: 0.0ms, med: 0.0ms, 90th: 0.0ms, 99th: 0.0ms, 99.9th: 0.0ms","level":"stat"}
{"@timestamp":"2023-10-08T09:39:48.325+08:00","caller":"stat/usage.go:61","content":"CPU: 0m, MEMORY: Alloc=4.9Mi, TotalAlloc=75.3Mi, Sys=19.4Mi, NumGC=77","level":"stat"}
{"@timestamp":"2023-10-08T09:39:48.357+08:00","caller":"load/sheddingstat.go:61","content":"(rpc) shedding_stat [1m], cpu: 0, total: 0, pass: 0, drop: 0","level":"stat"}
{"@timestamp":"2023-10-08T09:39:54.055+08:00","caller":"stat/metrics.go:210","content":"(model.rpc) - qps: 0.0/s, drops: 0, avg time: 0.0ms, med: 0.0ms, 90th: 0.0ms, 99th: 0.0ms, 99.9th: 0.0ms","level":"stat"}
{"@timestamp":"2023-10-08T09:40:12.516+08:00","caller":"stat/metrics.go:210","content":"(kq) - qps: 0.0/s, drops: 0, avg time: 0.0ms, med: 0.0ms, 90th: 0.0ms, 99th: 0.0ms, 99.9th: 0.0ms","level":"stat"}
{"@timestamp":"2023-10-08T09:40:48.323+08:00","caller":"stat/usage.go:61","content":"CPU: 0m, MEMORY: Alloc=5.2Mi, TotalAlloc=75.6Mi, Sys=19.4Mi, NumGC=77","level":"stat"}
{"@timestamp":"2023-10-08T09:40:48.355+08:00","caller":"load/sheddingstat.go:61","content":"(rpc) shedding_stat [1m], cpu: 0, total: 0, pass: 0, drop: 0","level":"stat"}
{"@timestamp":"2023-10-08T09:40:54.053+08:00","caller":"stat/metrics.go:210","content":"(model.rpc) - qps: 0.0/s, drops: 0, avg time: 0.0ms, med: 0.0ms, 90th: 0.0ms, 99th: 0.0ms, 99.9th: 0.0ms","level":"stat"}
{"@timestamp":"2023-10-08T09:41:12.513+08:00","caller":"stat/metrics.go:210","content":"(kq) - qps: 0.0/s, drops: 0, avg time: 0.0ms, med: 0.0ms, 90th: 0.0ms, 99th: 0.0ms, 99.9th: 0.0ms","level":"stat"}
{"@timestamp":"2023-10-08T09:41:48.320+08:00","caller":"stat/usage.go:61","content":"CPU: 0m, MEMORY: Alloc=4.8Mi, TotalAlloc=76.1Mi, Sys=19.4Mi, NumGC=78","level":"stat"}
{"@timestamp":"2023-10-08T09:41:48.352+08:00","caller":"load/sheddingstat.go:61","content":"(rpc) shedding_stat [1m], cpu: 0, total: 0, pass: 0, drop: 0","level":"stat"}
{"@timestamp":"2023-10-08T09:41:54.050+08:00","caller":"stat/metrics.go:210","content":"(model.rpc) - qps: 0.0/s, drops: 0, avg time: 0.0ms, med: 0.0ms, 90th: 0.0ms, 99th: 0.0ms, 99.9th: 0.0ms","level":"stat"}
{"@timestamp":"2023-10-08T09:42:12.510+08:00","caller":"stat/metrics.go:210","content":"(kq) - qps: 0.0/s, drops: 0, avg time: 0.0ms, med: 0.0ms, 90th: 0.0ms, 99th: 0.0ms, 99.9th: 0.0ms","level":"stat"}
{"@timestamp":"2023-10-08T09:42:48.318+08:00","caller":"stat/usage.go:61","content":"CPU: 0m, MEMORY: Alloc=5.2Mi, TotalAlloc=76.5Mi, Sys=19.4Mi, NumGC=78","level":"stat"}
{"@timestamp":"2023-10-08T09:42:48.350+08:00","caller":"load/sheddingstat.go:61","content":"(rpc) shedding_stat [1m], cpu: 0, total: 0, pass: 0, drop: 0","level":"stat"}
{"@timestamp":"2023-10-08T09:42:54.048+08:00","caller":"stat/metrics.go:210","content":"(model.rpc) - qps: 0.0/s, drops: 0, avg time: 0.0ms, med: 0.0ms, 90th: 0.0ms, 99th: 0.0ms, 99.9th: 0.0ms","level":"stat"}
{"@timestamp":"2023-10-08T09:43:12.508+08:00","caller":"stat/metrics.go:210","content":"(kq) - qps: 0.0/s, drops: 0, avg time: 0.0ms, med: 0.0ms, 90th: 0.0ms, 99th: 0.0ms, 99.9th: 0.0ms","level":"stat"}
{"@timestamp":"2023-10-08T09:43:48.315+08:00","caller":"stat/usage.go:61","content":"CPU: 0m, MEMORY: Alloc=4.8Mi, TotalAlloc=77.0Mi, Sys=19.4Mi, NumGC=79","level":"stat"}
{"@timestamp":"2023-10-08T09:43:48.347+08:00","caller":"load/sheddingstat.go:61","content":"(rpc) shedding_stat [1m], cpu: 0, total: 0, pass: 0, drop: 0","level":"stat"}
{"@timestamp":"2023-10-08T09:43:54.045+08:00","caller":"stat/metrics.go:210","content":"(model.rpc) - qps: 0.0/s, drops: 0, avg time: 0.0ms, med: 0.0ms, 90th: 0.0ms, 99th: 0.0ms, 99.9th: 0.0ms","level":"stat"}
{"@timestamp":"2023-10-08T09:44:12.505+08:00","caller":"stat/metrics.go:210","content":"(kq) - qps: 0.0/s, drops: 0, avg time: 0.0ms, med: 0.0ms, 90th: 0.0ms, 99th: 0.0ms, 99.9th: 0.0ms","level":"stat"}
{"@timestamp":"2023-10-08T09:44:48.313+08:00","caller":"stat/usage.go:61","content":"CPU: 0m, MEMORY: Alloc=5.3Mi, TotalAlloc=77.4Mi, Sys=19.4Mi, NumGC=79","level":"stat"}
{"@timestamp":"2023-10-08T09:44:48.344+08:00","caller":"load/sheddingstat.go:61","content":"(rpc) shedding_stat [1m], cpu: 0, total: 0, pass: 0, drop: 0","level":"stat"}
{"@timestamp":"2023-10-08T09:44:54.043+08:00","caller":"stat/metrics.go:210","content":"(model.rpc) - qps: 0.0/s, drops: 0, avg time: 0.0ms, med: 0.0ms, 90th: 0.0ms, 99th: 0.0ms, 99.9th: 0.0ms","level":"stat"}
{"@timestamp":"2023-10-08T09:45:12.503+08:00","caller":"stat/metrics.go:210","content":"(kq) - qps: 0.0/s, drops: 0, avg time: 0.0ms, med: 0.0ms, 90th: 0.0ms, 99th: 0.0ms, 99.9th: 0.0ms","level":"stat"}
{"@timestamp":"2023-10-08T09:45:48.309+08:00","caller":"stat/usage.go:61","content":"CPU: 0m, MEMORY: Alloc=4.8Mi, TotalAlloc=77.8Mi, Sys=19.4Mi, NumGC=80","level":"stat"}
{"@timestamp":"2023-10-08T09:45:48.342+08:00","caller":"load/sheddingstat.go:61","content":"(rpc) shedding_stat [1m], cpu: 0, total: 0, pass: 0, drop: 0","level":"stat"}
{"@timestamp":"2023-10-08T09:45:54.040+08:00","caller":"stat/metrics.go:210","content":"(model.rpc) - qps: 0.0/s, drops: 0, avg time: 0.0ms, med: 0.0ms, 90th: 0.0ms, 99th: 0.0ms, 99.9th: 0.0ms","level":"stat"}
{"@timestamp":"2023-10-08T09:46:12.500+08:00","caller":"stat/metrics.go:210","content":"(kq) - qps: 0.0/s, drops: 0, avg time: 0.0ms, med: 0.0ms, 90th: 0.0ms, 99th: 0.0ms, 99.9th: 0.0ms","level":"stat"}
{"@timestamp":"2023-10-08T09:46:48.307+08:00","caller":"stat/usage.go:61","content":"CPU: 0m, MEMORY: Alloc=5.2Mi, TotalAlloc=78.2Mi, Sys=19.4Mi, NumGC=80","level":"stat"}
{"@timestamp":"2023-10-08T09:46:48.339+08:00","caller":"load/sheddingstat.go:61","content":"(rpc) shedding_stat [1m], cpu: 0, total: 0, pass: 0, drop: 0","level":"stat"}
{"@timestamp":"2023-10-08T09:46:54.037+08:00","caller":"stat/metrics.go:210","content":"(model.rpc) - qps: 0.0/s, drops: 0, avg time: 0.0ms, med: 0.0ms, 90th: 0.0ms, 99th: 0.0ms, 99.9th: 0.0ms","level":"stat"}
{"@timestamp":"2023-10-08T09:47:12.498+08:00","caller":"stat/metrics.go:210","content":"(kq) - qps: 0.0/s, drops: 0, avg time: 0.0ms, med: 0.0ms, 90th: 0.0ms, 99th: 0.0ms, 99.9th: 0.0ms","level":"stat"}
{"@timestamp":"2023-10-08T09:47:48.305+08:00","caller":"stat/usage.go:61","content":"CPU: 0m, MEMORY: Alloc=4.8Mi, TotalAlloc=78.6Mi, Sys=19.4Mi, NumGC=81","level":"stat"}
{"@timestamp":"2023-10-08T09:47:48.337+08:00","caller":"load/sheddingstat.go:61","content":"(rpc) shedding_stat [1m], cpu: 0, total: 0, pass: 0, drop: 0","level":"stat"}
{"@timestamp":"2023-10-08T09:47:54.035+08:00","caller":"stat/metrics.go:210","content":"(model.rpc) - qps: 0.0/s, drops: 0, avg time: 0.0ms, med: 0.0ms, 90th: 0.0ms, 99th: 0.0ms, 99.9th: 0.0ms","level":"stat"}
{"@timestamp":"2023-10-08T09:48:12.495+08:00","caller":"stat/metrics.go:210","content":"(kq) - qps: 0.0/s, drops: 0, avg time: 0.0ms, med: 0.0ms, 90th: 0.0ms, 99th: 0.0ms, 99.9th: 0.0ms","level":"stat"}
{"@timestamp":"2023-10-08T09:48:48.297+08:00","caller":"stat/usage.go:61","content":"CPU: 0m, MEMORY: Alloc=5.3Mi, TotalAlloc=79.2Mi, Sys=19.4Mi, NumGC=81","level":"stat"}
{"@timestamp":"2023-10-08T09:48:48.327+08:00","caller":"load/sheddingstat.go:61","content":"(rpc) shedding_stat [1m], cpu: 0, total: 0, pass: 0, drop: 0","level":"stat"}
{"@timestamp":"2023-10-08T09:48:54.023+08:00","caller":"stat/metrics.go:210","content":"(model.rpc) - qps: 0.0/s, drops: 0, avg time: 0.0ms, med: 0.0ms, 90th: 0.0ms, 99th: 0.0ms, 99.9th: 0.0ms","level":"stat"}
{"@timestamp":"2023-10-08T09:49:12.480+08:00","caller":"stat/metrics.go:210","content":"(kq) - qps: 0.0/s, drops: 0, avg time: 0.0ms, med: 0.0ms, 90th: 0.0ms, 99th: 0.0ms, 99.9th: 0.0ms","level":"stat"}
{"@timestamp":"2023-10-08T09:49:48.286+08:00","caller":"stat/usage.go:61","content":"CPU: 0m, MEMORY: Alloc=4.9Mi, TotalAlloc=79.6Mi, Sys=19.4Mi, NumGC=82","level":"stat"}
{"@timestamp":"2023-10-08T09:49:48.318+08:00","caller":"load/sheddingstat.go:61","content":"(rpc) shedding_stat [1m], cpu: 0, total: 0, pass: 0, drop: 0","level":"stat"}
{"@timestamp":"2023-10-08T09:49:54.016+08:00","caller":"stat/metrics.go:210","content":"(model.rpc) - qps: 0.0/s, drops: 0, avg time: 0.0ms, med: 0.0ms, 90th: 0.0ms, 99th: 0.0ms, 99.9th: 0.0ms","level":"stat"}
{"@timestamp":"2023-10-08T09:50:12.476+08:00","caller":"stat/metrics.go:210","content":"(kq) - qps: 0.0/s, drops: 0, avg time: 0.0ms, med: 0.0ms, 90th: 0.0ms, 99th: 0.0ms, 99.9th: 0.0ms","level":"stat"}
{"@timestamp":"2023-10-08T09:50:48.283+08:00","caller":"stat/usage.go:61","content":"CPU: 0m, MEMORY: Alloc=5.2Mi, TotalAlloc=80.0Mi, Sys=19.4Mi, NumGC=82","level":"stat"}
{"@timestamp":"2023-10-08T09:50:48.315+08:00","caller":"load/sheddingstat.go:61","content":"(rpc) shedding_stat [1m], cpu: 0, total: 0, pass: 0, drop: 0","level":"stat"}
{"@timestamp":"2023-10-08T09:50:54.013+08:00","caller":"stat/metrics.go:210","content":"(model.rpc) - qps: 0.0/s, drops: 0, avg time: 0.0ms, med: 0.0ms, 90th: 0.0ms, 99th: 0.0ms, 99.9th: 0.0ms","level":"stat"}
{"@timestamp":"2023-10-08T09:51:12.473+08:00","caller":"stat/metrics.go:210","content":"(kq) - qps: 0.0/s, drops: 0, avg time: 0.0ms, med: 0.0ms, 90th: 0.0ms, 99th: 0.0ms, 99.9th: 0.0ms","level":"stat"}
{"@timestamp":"2023-10-08T09:51:48.280+08:00","caller":"stat/usage.go:61","content":"CPU: 0m, MEMORY: Alloc=4.8Mi, TotalAlloc=80.4Mi, Sys=19.4Mi, NumGC=83","level":"stat"}
{"@timestamp":"2023-10-08T09:51:48.312+08:00","caller":"load/sheddingstat.go:61","content":"(rpc) shedding_stat [1m], cpu: 0, total: 0, pass: 0, drop: 0","level":"stat"}
{"@timestamp":"2023-10-08T09:51:54.010+08:00","caller":"stat/metrics.go:210","content":"(model.rpc) - qps: 0.0/s, drops: 0, avg time: 0.0ms, med: 0.0ms, 90th: 0.0ms, 99th: 0.0ms, 99.9th: 0.0ms","level":"stat"}
{"@timestamp":"2023-10-08T09:52:12.471+08:00","caller":"stat/metrics.go:210","content":"(kq) - qps: 0.0/s, drops: 0, avg time: 0.0ms, med: 0.0ms, 90th: 0.0ms, 99th: 0.0ms, 99.9th: 0.0ms","level":"stat"}
{"@timestamp":"2023-10-08T09:52:48.278+08:00","caller":"stat/usage.go:61","content":"CPU: 0m, MEMORY: Alloc=5.2Mi, TotalAlloc=80.9Mi, Sys=19.4Mi, NumGC=83","level":"stat"}
{"@timestamp":"2023-10-08T09:52:48.309+08:00","caller":"load/sheddingstat.go:61","content":"(rpc) shedding_stat [1m], cpu: 0, total: 0, pass: 0, drop: 0","level":"stat"}
{"@timestamp":"2023-10-08T09:52:54.008+08:00","caller":"stat/metrics.go:210","content":"(model.rpc) - qps: 0.0/s, drops: 0, avg time: 0.0ms, med: 0.0ms, 90th: 0.0ms, 99th: 0.0ms, 99.9th: 0.0ms","level":"stat"}
{"@timestamp":"2023-10-08T09:53:12.468+08:00","caller":"stat/metrics.go:210","content":"(kq) - qps: 0.0/s, drops: 0, avg time: 0.0ms, med: 0.0ms, 90th: 0.0ms, 99th: 0.0ms, 99.9th: 0.0ms","level":"stat"}
{"@timestamp":"2023-10-08T09:53:48.275+08:00","caller":"stat/usage.go:61","content":"CPU: 0m, MEMORY: Alloc=4.8Mi, TotalAlloc=81.4Mi, Sys=19.4Mi, NumGC=84","level":"stat"}
{"@timestamp":"2023-10-08T09:53:48.307+08:00","caller":"load/sheddingstat.go:61","content":"(rpc) shedding_stat [1m], cpu: 0, total: 0, pass: 0, drop: 0","level":"stat"}
{"@timestamp":"2023-10-08T09:53:54.005+08:00","caller":"stat/metrics.go:210","content":"(model.rpc) - qps: 0.0/s, drops: 0, avg time: 0.0ms, med: 0.0ms, 90th: 0.0ms, 99th: 0.0ms, 99.9th: 0.0ms","level":"stat"}
{"@timestamp":"2023-10-08T09:54:12.465+08:00","caller":"stat/metrics.go:210","content":"(kq) - qps: 0.0/s, drops: 0, avg time: 0.0ms, med: 0.0ms, 90th: 0.0ms, 99th: 0.0ms, 99.9th: 0.0ms","level":"stat"}
{"@timestamp":"2023-10-08T09:54:48.272+08:00","caller":"stat/usage.go:61","content":"CPU: 0m, MEMORY: Alloc=5.2Mi, TotalAlloc=81.7Mi, Sys=19.4Mi, NumGC=84","level":"stat"}
{"@timestamp":"2023-10-08T09:54:48.304+08:00","caller":"load/sheddingstat.go:61","content":"(rpc) shedding_stat [1m], cpu: 0, total: 0, pass: 0, drop: 0","level":"stat"}
{"@timestamp":"2023-10-08T09:54:54.002+08:00","caller":"stat/metrics.go:210","content":"(model.rpc) - qps: 0.0/s, drops: 0, avg time: 0.0ms, med: 0.0ms, 90th: 0.0ms, 99th: 0.0ms, 99.9th: 0.0ms","level":"stat"}
{"@timestamp":"2023-10-08T09:55:12.463+08:00","caller":"stat/metrics.go:210","content":"(kq) - qps: 0.0/s, drops: 0, avg time: 0.0ms, med: 0.0ms, 90th: 0.0ms, 99th: 0.0ms, 99.9th: 0.0ms","level":"stat"}
{"@timestamp":"2023-10-08T09:55:48.269+08:00","caller":"stat/usage.go:61","content":"CPU: 0m, MEMORY: Alloc=4.8Mi, TotalAlloc=82.1Mi, Sys=19.4Mi, NumGC=85","level":"stat"}
{"@timestamp":"2023-10-08T09:55:48.301+08:00","caller":"load/sheddingstat.go:61","content":"(rpc) shedding_stat [1m], cpu: 0, total: 0, pass: 0, drop: 0","level":"stat"}
{"@timestamp":"2023-10-08T09:55:53.999+08:00","caller":"stat/metrics.go:210","content":"(model.rpc) - qps: 0.0/s, drops: 0, avg time: 0.0ms, med: 0.0ms, 90th: 0.0ms, 99th: 0.0ms, 99.9th: 0.0ms","level":"stat"}
{"@timestamp":"2023-10-08T09:56:12.460+08:00","caller":"stat/metrics.go:210","content":"(kq) - qps: 0.0/s, drops: 0, avg time: 0.0ms, med: 0.0ms, 90th: 0.0ms, 99th: 0.0ms, 99.9th: 0.0ms","level":"stat"}
{"@timestamp":"2023-10-08T09:56:48.267+08:00","caller":"stat/usage.go:61","content":"CPU: 0m, MEMORY: Alloc=5.2Mi, TotalAlloc=82.5Mi, Sys=19.4Mi, NumGC=85","level":"stat"}
{"@timestamp":"2023-10-08T09:56:48.299+08:00","caller":"load/sheddingstat.go:61","content":"(rpc) shedding_stat [1m], cpu: 0, total: 0, pass: 0, drop: 0","level":"stat"}
{"@timestamp":"2023-10-08T09:56:53.997+08:00","caller":"stat/metrics.go:210","content":"(model.rpc) - qps: 0.0/s, drops: 0, avg time: 0.0ms, med: 0.0ms, 90th: 0.0ms, 99th: 0.0ms, 99.9th: 0.0ms","level":"stat"}
{"@timestamp":"2023-10-08T09:57:12.456+08:00","caller":"stat/metrics.go:210","content":"(kq) - qps: 0.0/s, drops: 0, avg time: 0.0ms, med: 0.0ms, 90th: 0.0ms, 99th: 0.0ms, 99.9th: 0.0ms","level":"stat"}
{"@timestamp":"2023-10-08T09:57:48.263+08:00","caller":"stat/usage.go:61","content":"CPU: 0m, MEMORY: Alloc=4.9Mi, TotalAlloc=83.0Mi, Sys=19.4Mi, NumGC=86","level":"stat"}
{"@timestamp":"2023-10-08T09:57:48.296+08:00","caller":"load/sheddingstat.go:61","content":"(rpc) shedding_stat [1m], cpu: 0, total: 0, pass: 0, drop: 0","level":"stat"}
{"@timestamp":"2023-10-08T09:57:53.994+08:00","caller":"stat/metrics.go:210","content":"(model.rpc) - qps: 0.0/s, drops: 0, avg time: 0.0ms, med: 0.0ms, 90th: 0.0ms, 99th: 0.0ms, 99.9th: 0.0ms","level":"stat"}
{"@timestamp":"2023-10-08T09:58:12.454+08:00","caller":"stat/metrics.go:210","content":"(kq) - qps: 0.0/s, drops: 0, avg time: 0.0ms, med: 0.0ms, 90th: 0.0ms, 99th: 0.0ms, 99.9th: 0.0ms","level":"stat"}
{"@timestamp":"2023-10-08T09:58:48.262+08:00","caller":"stat/usage.go:61","content":"CPU: 0m, MEMORY: Alloc=5.4Mi, TotalAlloc=83.5Mi, Sys=19.4Mi, NumGC=86","level":"stat"}
{"@timestamp":"2023-10-08T09:58:48.293+08:00","caller":"load/sheddingstat.go:61","content":"(rpc) shedding_stat [1m], cpu: 0, total: 0, pass: 0, drop: 0","level":"stat"}
{"@timestamp":"2023-10-08T09:58:53.991+08:00","caller":"stat/metrics.go:210","content":"(model.rpc) - qps: 0.0/s, drops: 0, avg time: 0.0ms, med: 0.0ms, 90th: 0.0ms, 99th: 0.0ms, 99.9th: 0.0ms","level":"stat"}
{"@timestamp":"2023-10-08T09:59:12.452+08:00","caller":"stat/metrics.go:210","content":"(kq) - qps: 0.0/s, drops: 0, avg time: 0.0ms, med: 0.0ms, 90th: 0.0ms, 99th: 0.0ms, 99.9th: 0.0ms","level":"stat"}
{"@timestamp":"2023-10-08T09:59:48.258+08:00","caller":"stat/usage.go:61","content":"CPU: 0m, MEMORY: Alloc=4.9Mi, TotalAlloc=84.0Mi, Sys=19.4Mi, NumGC=87","level":"stat"}
{"@timestamp":"2023-10-08T09:59:48.290+08:00","caller":"load/sheddingstat.go:61","content":"(rpc) shedding_stat [1m], cpu: 0, total: 0, pass: 0, drop: 0","level":"stat"}
{"@timestamp":"2023-10-08T09:59:53.989+08:00","caller":"stat/metrics.go:210","content":"(model.rpc) - qps: 0.0/s, drops: 0, avg time: 0.0ms, med: 0.0ms, 90th: 0.0ms, 99th: 0.0ms, 99.9th: 0.0ms","level":"stat"}
{"@timestamp":"2023-10-08T10:00:12.450+08:00","caller":"stat/metrics.go:210","content":"(kq) - qps: 0.0/s, drops: 0, avg time: 0.0ms, med: 0.0ms, 90th: 0.0ms, 99th: 0.0ms, 99.9th: 0.0ms","level":"stat"}
{"@timestamp":"2023-10-08T10:00:48.256+08:00","caller":"stat/usage.go:61","content":"CPU: 0m, MEMORY: Alloc=5.2Mi, TotalAlloc=84.4Mi, Sys=19.4Mi, NumGC=87","level":"stat"}
{"@timestamp":"2023-10-08T10:00:48.288+08:00","caller":"load/sheddingstat.go:61","content":"(rpc) shedding_stat [1m], cpu: 0, total: 0, pass: 0, drop: 0","level":"stat"}
{"@timestamp":"2023-10-08T10:00:53.987+08:00","caller":"stat/metrics.go:210","content":"(model.rpc) - qps: 0.0/s, drops: 0, avg time: 0.0ms, med: 0.0ms, 90th: 0.0ms, 99th: 0.0ms, 99.9th: 0.0ms","level":"stat"}
{"@timestamp":"2023-10-08T10:01:12.446+08:00","caller":"stat/metrics.go:210","content":"(kq) - qps: 0.0/s, drops: 0, avg time: 0.0ms, med: 0.0ms, 90th: 0.0ms, 99th: 0.0ms, 99.9th: 0.0ms","level":"stat"}
{"@timestamp":"2023-10-08T10:01:48.253+08:00","caller":"stat/usage.go:61","content":"CPU: 0m, MEMORY: Alloc=4.8Mi, TotalAlloc=84.8Mi, Sys=19.4Mi, NumGC=88","level":"stat"}
{"@timestamp":"2023-10-08T10:01:48.285+08:00","caller":"load/sheddingstat.go:61","content":"(rpc) shedding_stat [1m], cpu: 0, total: 0, pass: 0, drop: 0","level":"stat"}
{"@timestamp":"2023-10-08T10:01:53.983+08:00","caller":"stat/metrics.go:210","content":"(model.rpc) - qps: 0.0/s, drops: 0, avg time: 0.0ms, med: 0.0ms, 90th: 0.0ms, 99th: 0.0ms, 99.9th: 0.0ms","level":"stat"}
{"@timestamp":"2023-10-08T10:02:12.444+08:00","caller":"stat/metrics.go:210","content":"(kq) - qps: 0.0/s, drops: 0, avg time: 0.0ms, med: 0.0ms, 90th: 0.0ms, 99th: 0.0ms, 99.9th: 0.0ms","level":"stat"}
{"@timestamp":"2023-10-08T10:02:48.251+08:00","caller":"stat/usage.go:61","content":"CPU: 0m, MEMORY: Alloc=5.3Mi, TotalAlloc=85.2Mi, Sys=19.4Mi, NumGC=88","level":"stat"}
{"@timestamp":"2023-10-08T10:02:48.283+08:00","caller":"load/sheddingstat.go:61","content":"(rpc) shedding_stat [1m], cpu: 0, total: 0, pass: 0, drop: 0","level":"stat"}
{"@timestamp":"2023-10-08T10:02:53.980+08:00","caller":"stat/metrics.go:210","content":"(model.rpc) - qps: 0.0/s, drops: 0, avg time: 0.0ms, med: 0.0ms, 90th: 0.0ms, 99th: 0.0ms, 99.9th: 0.0ms","level":"stat"}
{"@timestamp":"2023-10-08T10:03:12.441+08:00","caller":"stat/metrics.go:210","content":"(kq) - qps: 0.0/s, drops: 0, avg time: 0.0ms, med: 0.0ms, 90th: 0.0ms, 99th: 0.0ms, 99.9th: 0.0ms","level":"stat"}
{"@timestamp":"2023-10-08T10:03:48.247+08:00","caller":"stat/usage.go:61","content":"CPU: 0m, MEMORY: Alloc=4.9Mi, TotalAlloc=85.8Mi, Sys=19.4Mi, NumGC=89","level":"stat"}
{"@timestamp":"2023-10-08T10:03:48.280+08:00","caller":"load/sheddingstat.go:61","content":"(rpc) shedding_stat [1m], cpu: 0, total: 0, pass: 0, drop: 0","level":"stat"}
{"@timestamp":"2023-10-08T10:03:53.983+08:00","caller":"stat/metrics.go:210","content":"(model.rpc) - qps: 0.0/s, drops: 0, avg time: 0.0ms, med: 0.0ms, 90th: 0.0ms, 99th: 0.0ms, 99.9th: 0.0ms","level":"stat"}
{"@timestamp":"2023-10-08T10:04:12.471+08:00","caller":"stat/metrics.go:210","content":"(kq) - qps: 0.0/s, drops: 0, avg time: 0.0ms, med: 0.0ms, 90th: 0.0ms, 99th: 0.0ms, 99.9th: 0.0ms","level":"stat"}
{"@timestamp":"2023-10-08T10:04:48.289+08:00","caller":"stat/usage.go:61","content":"CPU: 0m, MEMORY: Alloc=5.4Mi, TotalAlloc=86.3Mi, Sys=19.4Mi, NumGC=89","level":"stat"}
{"@timestamp":"2023-10-08T10:04:48.321+08:00","caller":"load/sheddingstat.go:61","content":"(rpc) shedding_stat [1m], cpu: 0, total: 0, pass: 0, drop: 0","level":"stat"}
{"@timestamp":"2023-10-08T10:04:54.019+08:00","caller":"stat/metrics.go:210","content":"(model.rpc) - qps: 0.0/s, drops: 0, avg time: 0.0ms, med: 0.0ms, 90th: 0.0ms, 99th: 0.0ms, 99.9th: 0.0ms","level":"stat"}
{"@timestamp":"2023-10-08T10:05:12.481+08:00","caller":"stat/metrics.go:210","content":"(kq) - qps: 0.0/s, drops: 0, avg time: 0.0ms, med: 0.0ms, 90th: 0.0ms, 99th: 0.0ms, 99.9th: 0.0ms","level":"stat"}
{"@timestamp":"2023-10-08T10:05:48.288+08:00","caller":"stat/usage.go:61","content":"CPU: 0m, MEMORY: Alloc=4.8Mi, TotalAlloc=86.7Mi, Sys=19.4Mi, NumGC=90","level":"stat"}
{"@timestamp":"2023-10-08T10:05:48.320+08:00","caller":"load/sheddingstat.go:61","content":"(rpc) shedding_stat [1m], cpu: 0, total: 0, pass: 0, drop: 0","level":"stat"}
{"@timestamp":"2023-10-08T10:05:54.018+08:00","caller":"stat/metrics.go:210","content":"(model.rpc) - qps: 0.0/s, drops: 0, avg time: 0.0ms, med: 0.0ms, 90th: 0.0ms, 99th: 0.0ms, 99.9th: 0.0ms","level":"stat"}
{"@timestamp":"2023-10-08T10:06:12.478+08:00","caller":"stat/metrics.go:210","content":"(kq) - qps: 0.0/s, drops: 0, avg time: 0.0ms, med: 0.0ms, 90th: 0.0ms, 99th: 0.0ms, 99.9th: 0.0ms","level":"stat"}
{"@timestamp":"2023-10-08T10:06:48.286+08:00","caller":"stat/usage.go:61","content":"CPU: 0m, MEMORY: Alloc=5.2Mi, TotalAlloc=87.1Mi, Sys=19.4Mi, NumGC=90","level":"stat"}
{"@timestamp":"2023-10-08T10:06:48.318+08:00","caller":"load/sheddingstat.go:61","content":"(rpc) shedding_stat [1m], cpu: 0, total: 0, pass: 0, drop: 0","level":"stat"}
{"@timestamp":"2023-10-08T10:06:54.016+08:00","caller":"stat/metrics.go:210","content":"(model.rpc) - qps: 0.0/s, drops: 0, avg time: 0.0ms, med: 0.0ms, 90th: 0.0ms, 99th: 0.0ms, 99.9th: 0.0ms","level":"stat"}
{"@timestamp":"2023-10-08T10:07:12.477+08:00","caller":"stat/metrics.go:210","content":"(kq) - qps: 0.0/s, drops: 0, avg time: 0.0ms, med: 0.0ms, 90th: 0.0ms, 99th: 0.0ms, 99.9th: 0.0ms","level":"stat"}
{"@timestamp":"2023-10-08T10:07:48.284+08:00","caller":"stat/usage.go:61","content":"CPU: 0m, MEMORY: Alloc=4.8Mi, TotalAlloc=87.6Mi, Sys=19.4Mi, NumGC=91","level":"stat"}
{"@timestamp":"2023-10-08T10:07:48.315+08:00","caller":"load/sheddingstat.go:61","content":"(rpc) shedding_stat [1m], cpu: 0, total: 0, pass: 0, drop: 0","level":"stat"}
{"@timestamp":"2023-10-08T10:07:54.013+08:00","caller":"stat/metrics.go:210","content":"(model.rpc) - qps: 0.0/s, drops: 0, avg time: 0.0ms, med: 0.0ms, 90th: 0.0ms, 99th: 0.0ms, 99.9th: 0.0ms","level":"stat"}
{"@timestamp":"2023-10-08T10:08:12.474+08:00","caller":"stat/metrics.go:210","content":"(kq) - qps: 0.0/s, drops: 0, avg time: 0.0ms, med: 0.0ms, 90th: 0.0ms, 99th: 0.0ms, 99.9th: 0.0ms","level":"stat"}
{"@timestamp":"2023-10-08T10:08:48.281+08:00","caller":"stat/usage.go:61","content":"CPU: 0m, MEMORY: Alloc=5.3Mi, TotalAlloc=88.1Mi, Sys=19.4Mi, NumGC=91","level":"stat"}
{"@timestamp":"2023-10-08T10:08:48.313+08:00","caller":"load/sheddingstat.go:61","content":"(rpc) shedding_stat [1m], cpu: 0, total: 0, pass: 0, drop: 0","level":"stat"}
{"@timestamp":"2023-10-08T10:08:54.011+08:00","caller":"stat/metrics.go:210","content":"(model.rpc) - qps: 0.0/s, drops: 0, avg time: 0.0ms, med: 0.0ms, 90th: 0.0ms, 99th: 0.0ms, 99.9th: 0.0ms","level":"stat"}
{"@timestamp":"2023-10-08T10:09:12.472+08:00","caller":"stat/metrics.go:210","content":"(kq) - qps: 0.0/s, drops: 0, avg time: 0.0ms, med: 0.0ms, 90th: 0.0ms, 99th: 0.0ms, 99.9th: 0.0ms","level":"stat"}
{"@timestamp":"2023-10-08T10:09:48.279+08:00","caller":"stat/usage.go:61","content":"CPU: 0m, MEMORY: Alloc=4.8Mi, TotalAlloc=88.5Mi, Sys=19.4Mi, NumGC=92","level":"stat"}
{"@timestamp":"2023-10-08T10:09:48.311+08:00","caller":"load/sheddingstat.go:61","content":"(rpc) shedding_stat [1m], cpu: 0, total: 0, pass: 0, drop: 0","level":"stat"}
{"@timestamp":"2023-10-08T10:09:54.009+08:00","caller":"stat/metrics.go:210","content":"(model.rpc) - qps: 0.0/s, drops: 0, avg time: 0.0ms, med: 0.0ms, 90th: 0.0ms, 99th: 0.0ms, 99.9th: 0.0ms","level":"stat"}
{"@timestamp":"2023-10-08T10:10:12.470+08:00","caller":"stat/metrics.go:210","content":"(kq) - qps: 0.0/s, drops: 0, avg time: 0.0ms, med: 0.0ms, 90th: 0.0ms, 99th: 0.0ms, 99.9th: 0.0ms","level":"stat"}
{"@timestamp":"2023-10-08T10:10:48.277+08:00","caller":"stat/usage.go:61","content":"CPU: 0m, MEMORY: Alloc=5.3Mi, TotalAlloc=89.0Mi, Sys=19.4Mi, NumGC=92","level":"stat"}
{"@timestamp":"2023-10-08T10:10:48.308+08:00","caller":"load/sheddingstat.go:61","content":"(rpc) shedding_stat [1m], cpu: 0, total: 0, pass: 0, drop: 0","level":"stat"}
{"@timestamp":"2023-10-08T10:10:54.006+08:00","caller":"stat/metrics.go:210","content":"(model.rpc) - qps: 0.0/s, drops: 0, avg time: 0.0ms, med: 0.0ms, 90th: 0.0ms, 99th: 0.0ms, 99.9th: 0.0ms","level":"stat"}
{"@timestamp":"2023-10-08T10:11:12.468+08:00","caller":"stat/metrics.go:210","content":"(kq) - qps: 0.0/s, drops: 0, avg time: 0.0ms, med: 0.0ms, 90th: 0.0ms, 99th: 0.0ms, 99.9th: 0.0ms","level":"stat"}
{"@timestamp":"2023-10-08T10:11:48.275+08:00","caller":"stat/usage.go:61","content":"CPU: 0m, MEMORY: Alloc=4.8Mi, TotalAlloc=89.3Mi, Sys=19.4Mi, NumGC=93","level":"stat"}
{"@timestamp":"2023-10-08T10:11:48.307+08:00","caller":"load/sheddingstat.go:61","content":"(rpc) shedding_stat [1m], cpu: 0, total: 0, pass: 0, drop: 0","level":"stat"}
{"@timestamp":"2023-10-08T10:11:54.005+08:00","caller":"stat/metrics.go:210","content":"(model.rpc) - qps: 0.0/s, drops: 0, avg time: 0.0ms, med: 0.0ms, 90th: 0.0ms, 99th: 0.0ms, 99.9th: 0.0ms","level":"stat"}
{"@timestamp":"2023-10-08T10:12:12.465+08:00","caller":"stat/metrics.go:210","content":"(kq) - qps: 0.0/s, drops: 0, avg time: 0.0ms, med: 0.0ms, 90th: 0.0ms, 99th: 0.0ms, 99.9th: 0.0ms","level":"stat"}
{"@timestamp":"2023-10-08T10:12:48.273+08:00","caller":"stat/usage.go:61","content":"CPU: 0m, MEMORY: Alloc=5.3Mi, TotalAlloc=89.8Mi, Sys=19.4Mi, NumGC=93","level":"stat"}
{"@timestamp":"2023-10-08T10:12:48.305+08:00","caller":"load/sheddingstat.go:61","content":"(rpc) shedding_stat [1m], cpu: 0, total: 0, pass: 0, drop: 0","level":"stat"}
{"@timestamp":"2023-10-08T10:12:54.002+08:00","caller":"stat/metrics.go:210","content":"(model.rpc) - qps: 0.0/s, drops: 0, avg time: 0.0ms, med: 0.0ms, 90th: 0.0ms, 99th: 0.0ms, 99.9th: 0.0ms","level":"stat"}
{"@timestamp":"2023-10-08T10:13:12.463+08:00","caller":"stat/metrics.go:210","content":"(kq) - qps: 0.0/s, drops: 0, avg time: 0.0ms, med: 0.0ms, 90th: 0.0ms, 99th: 0.0ms, 99.9th: 0.0ms","level":"stat"}
{"@timestamp":"2023-10-08T10:13:48.270+08:00","caller":"stat/usage.go:61","content":"CPU: 0m, MEMORY: Alloc=4.8Mi, TotalAlloc=90.3Mi, Sys=19.4Mi, NumGC=94","level":"stat"}
{"@timestamp":"2023-10-08T10:13:48.302+08:00","caller":"load/sheddingstat.go:61","content":"(rpc) shedding_stat [1m], cpu: 0, total: 0, pass: 0, drop: 0","level":"stat"}
{"@timestamp":"2023-10-08T10:13:54.001+08:00","caller":"stat/metrics.go:210","content":"(model.rpc) - qps: 0.0/s, drops: 0, avg time: 0.0ms, med: 0.0ms, 90th: 0.0ms, 99th: 0.0ms, 99.9th: 0.0ms","level":"stat"}
{"@timestamp":"2023-10-08T10:14:12.461+08:00","caller":"stat/metrics.go:210","content":"(kq) - qps: 0.0/s, drops: 0, avg time: 0.0ms, med: 0.0ms, 90th: 0.0ms, 99th: 0.0ms, 99.9th: 0.0ms","level":"stat"}
{"@timestamp":"2023-10-08T10:14:48.268+08:00","caller":"stat/usage.go:61","content":"CPU: 0m, MEMORY: Alloc=5.3Mi, TotalAlloc=90.8Mi, Sys=19.4Mi, NumGC=94","level":"stat"}
{"@timestamp":"2023-10-08T10:14:48.300+08:00","caller":"load/sheddingstat.go:61","content":"(rpc) shedding_stat [1m], cpu: 0, total: 0, pass: 0, drop: 0","level":"stat"}
{"@timestamp":"2023-10-08T10:14:53.998+08:00","caller":"stat/metrics.go:210","content":"(model.rpc) - qps: 0.0/s, drops: 0, avg time: 0.0ms, med: 0.0ms, 90th: 0.0ms, 99th: 0.0ms, 99.9th: 0.0ms","level":"stat"}
{"@timestamp":"2023-10-08T10:15:12.459+08:00","caller":"stat/metrics.go:210","content":"(kq) - qps: 0.0/s, drops: 0, avg time: 0.0ms, med: 0.0ms, 90th: 0.0ms, 99th: 0.0ms, 99.9th: 0.0ms","level":"stat"}
{"@timestamp":"2023-10-08T10:15:48.265+08:00","caller":"stat/usage.go:61","content":"CPU: 0m, MEMORY: Alloc=4.9Mi, TotalAlloc=91.2Mi, Sys=19.4Mi, NumGC=95","level":"stat"}
{"@timestamp":"2023-10-08T10:15:48.298+08:00","caller":"load/sheddingstat.go:61","content":"(rpc) shedding_stat [1m], cpu: 0, total: 0, pass: 0, drop: 0","level":"stat"}
{"@timestamp":"2023-10-08T10:15:53.996+08:00","caller":"stat/metrics.go:210","content":"(model.rpc) - qps: 0.0/s, drops: 0, avg time: 0.0ms, med: 0.0ms, 90th: 0.0ms, 99th: 0.0ms, 99.9th: 0.0ms","level":"stat"}
{"@timestamp":"2023-10-08T10:16:12.456+08:00","caller":"stat/metrics.go:210","content":"(kq) - qps: 0.0/s, drops: 0, avg time: 0.0ms, med: 0.0ms, 90th: 0.0ms, 99th: 0.0ms, 99.9th: 0.0ms","level":"stat"}
{"@timestamp":"2023-10-08T10:16:48.271+08:00","caller":"stat/usage.go:61","content":"CPU: 0m, MEMORY: Alloc=5.3Mi, TotalAlloc=91.6Mi, Sys=19.4Mi, NumGC=95","level":"stat"}
{"@timestamp":"2023-10-08T10:16:48.296+08:00","caller":"load/sheddingstat.go:61","content":"(rpc) shedding_stat [1m], cpu: 0, total: 0, pass: 0, drop: 0","level":"stat"}
{"@timestamp":"2023-10-08T10:16:53.994+08:00","caller":"stat/metrics.go:210","content":"(model.rpc) - qps: 0.0/s, drops: 0, avg time: 0.0ms, med: 0.0ms, 90th: 0.0ms, 99th: 0.0ms, 99.9th: 0.0ms","level":"stat"}
{"@timestamp":"2023-10-08T10:17:12.454+08:00","caller":"stat/metrics.go:210","content":"(kq) - qps: 0.0/s, drops: 0, avg time: 0.0ms, med: 0.0ms, 90th: 0.0ms, 99th: 0.0ms, 99.9th: 0.0ms","level":"stat"}
{"@timestamp":"2023-10-08T10:17:48.262+08:00","caller":"stat/usage.go:61","content":"CPU: 0m, MEMORY: Alloc=4.8Mi, TotalAlloc=92.0Mi, Sys=19.4Mi, NumGC=96","level":"stat"}
{"@timestamp":"2023-10-08T10:17:48.293+08:00","caller":"load/sheddingstat.go:61","content":"(rpc) shedding_stat [1m], cpu: 0, total: 0, pass: 0, drop: 0","level":"stat"}
{"@timestamp":"2023-10-08T10:17:53.992+08:00","caller":"stat/metrics.go:210","content":"(model.rpc) - qps: 0.0/s, drops: 0, avg time: 0.0ms, med: 0.0ms, 90th: 0.0ms, 99th: 0.0ms, 99.9th: 0.0ms","level":"stat"}
{"@timestamp":"2023-10-08T10:18:12.451+08:00","caller":"stat/metrics.go:210","content":"(kq) - qps: 0.0/s, drops: 0, avg time: 0.0ms, med: 0.0ms, 90th: 0.0ms, 99th: 0.0ms, 99.9th: 0.0ms","level":"stat"}
{"@timestamp":"2023-10-08T10:18:48.260+08:00","caller":"stat/usage.go:61","content":"CPU: 0m, MEMORY: Alloc=5.3Mi, TotalAlloc=92.6Mi, Sys=19.4Mi, NumGC=96","level":"stat"}
{"@timestamp":"2023-10-08T10:18:48.291+08:00","caller":"load/sheddingstat.go:61","content":"(rpc) shedding_stat [1m], cpu: 0, total: 0, pass: 0, drop: 0","level":"stat"}
{"@timestamp":"2023-10-08T10:18:53.989+08:00","caller":"stat/metrics.go:210","content":"(model.rpc) - qps: 0.0/s, drops: 0, avg time: 0.0ms, med: 0.0ms, 90th: 0.0ms, 99th: 0.0ms, 99.9th: 0.0ms","level":"stat"}
{"@timestamp":"2023-10-08T10:19:12.450+08:00","caller":"stat/metrics.go:210","content":"(kq) - qps: 0.0/s, drops: 0, avg time: 0.0ms, med: 0.0ms, 90th: 0.0ms, 99th: 0.0ms, 99.9th: 0.0ms","level":"stat"}
{"@timestamp":"2023-10-08T10:19:48.277+08:00","caller":"stat/usage.go:61","content":"CPU: 0m, MEMORY: Alloc=4.8Mi, TotalAlloc=93.0Mi, Sys=19.4Mi, NumGC=97","level":"stat"}
{"@timestamp":"2023-10-08T10:19:48.309+08:00","caller":"load/sheddingstat.go:61","content":"(rpc) shedding_stat [1m], cpu: 0, total: 0, pass: 0, drop: 0","level":"stat"}
{"@timestamp":"2023-10-08T10:19:54.010+08:00","caller":"stat/metrics.go:210","content":"(model.rpc) - qps: 0.0/s, drops: 0, avg time: 0.0ms, med: 0.0ms, 90th: 0.0ms, 99th: 0.0ms, 99.9th: 0.0ms","level":"stat"}
{"@timestamp":"2023-10-08T10:20:12.477+08:00","caller":"stat/metrics.go:210","content":"(kq) - qps: 0.0/s, drops: 0, avg time: 0.0ms, med: 0.0ms, 90th: 0.0ms, 99th: 0.0ms, 99.9th: 0.0ms","level":"stat"}
{"@timestamp":"2023-10-08T10:20:48.288+08:00","caller":"stat/usage.go:61","content":"CPU: 0m, MEMORY: Alloc=5.3Mi, TotalAlloc=93.5Mi, Sys=19.4Mi, NumGC=97","level":"stat"}
{"@timestamp":"2023-10-08T10:20:48.317+08:00","caller":"load/sheddingstat.go:61","content":"(rpc) shedding_stat [1m], cpu: 0, total: 0, pass: 0, drop: 0","level":"stat"}
{"@timestamp":"2023-10-08T10:20:54.015+08:00","caller":"stat/metrics.go:210","content":"(model.rpc) - qps: 0.0/s, drops: 0, avg time: 0.0ms, med: 0.0ms, 90th: 0.0ms, 99th: 0.0ms, 99.9th: 0.0ms","level":"stat"}
{"@timestamp":"2023-10-08T10:21:12.475+08:00","caller":"stat/metrics.go:210","content":"(kq) - qps: 0.0/s, drops: 0, avg time: 0.0ms, med: 0.0ms, 90th: 0.0ms, 99th: 0.0ms, 99.9th: 0.0ms","level":"stat"}
{"@timestamp":"2023-10-08T10:21:48.284+08:00","caller":"stat/usage.go:61","content":"CPU: 0m, MEMORY: Alloc=4.9Mi, TotalAlloc=94.0Mi, Sys=19.4Mi, NumGC=98","level":"stat"}
{"@timestamp":"2023-10-08T10:21:48.315+08:00","caller":"load/sheddingstat.go:61","content":"(rpc) shedding_stat [1m], cpu: 0, total: 0, pass: 0, drop: 0","level":"stat"}
{"@timestamp":"2023-10-08T10:21:54.014+08:00","caller":"stat/metrics.go:210","content":"(model.rpc) - qps: 0.0/s, drops: 0, avg time: 0.0ms, med: 0.0ms, 90th: 0.0ms, 99th: 0.0ms, 99.9th: 0.0ms","level":"stat"}
{"@timestamp":"2023-10-08T10:22:12.474+08:00","caller":"stat/metrics.go:210","content":"(kq) - qps: 0.0/s, drops: 0, avg time: 0.0ms, med: 0.0ms, 90th: 0.0ms, 99th: 0.0ms, 99.9th: 0.0ms","level":"stat"}
{"@timestamp":"2023-10-08T10:22:48.282+08:00","caller":"stat/usage.go:61","content":"CPU: 0m, MEMORY: Alloc=5.3Mi, TotalAlloc=94.4Mi, Sys=19.4Mi, NumGC=98","level":"stat"}
{"@timestamp":"2023-10-08T10:22:48.313+08:00","caller":"load/sheddingstat.go:61","content":"(rpc) shedding_stat [1m], cpu: 0, total: 0, pass: 0, drop: 0","level":"stat"}
{"@timestamp":"2023-10-08T10:22:54.012+08:00","caller":"stat/metrics.go:210","content":"(model.rpc) - qps: 0.0/s, drops: 0, avg time: 0.0ms, med: 0.0ms, 90th: 0.0ms, 99th: 0.0ms, 99.9th: 0.0ms","level":"stat"}
{"@timestamp":"2023-10-08T10:23:12.472+08:00","caller":"stat/metrics.go:210","content":"(kq) - qps: 0.0/s, drops: 0, avg time: 0.0ms, med: 0.0ms, 90th: 0.0ms, 99th: 0.0ms, 99.9th: 0.0ms","level":"stat"}
{"@timestamp":"2023-10-08T10:23:48.280+08:00","caller":"stat/usage.go:61","content":"CPU: 0m, MEMORY: Alloc=4.9Mi, TotalAlloc=95.0Mi, Sys=19.4Mi, NumGC=99","level":"stat"}
{"@timestamp":"2023-10-08T10:23:48.311+08:00","caller":"load/sheddingstat.go:61","content":"(rpc) shedding_stat [1m], cpu: 0, total: 0, pass: 0, drop: 0","level":"stat"}
{"@timestamp":"2023-10-08T10:23:54.010+08:00","caller":"stat/metrics.go:210","content":"(model.rpc) - qps: 0.0/s, drops: 0, avg time: 0.0ms, med: 0.0ms, 90th: 0.0ms, 99th: 0.0ms, 99.9th: 0.0ms","level":"stat"}
{"@timestamp":"2023-10-08T10:24:12.470+08:00","caller":"stat/metrics.go:210","content":"(kq) - qps: 0.0/s, drops: 0, avg time: 0.0ms, med: 0.0ms, 90th: 0.0ms, 99th: 0.0ms, 99.9th: 0.0ms","level":"stat"}
{"@timestamp":"2023-10-08T10:24:48.278+08:00","caller":"stat/usage.go:61","content":"CPU: 0m, MEMORY: Alloc=5.3Mi, TotalAlloc=95.4Mi, Sys=19.4Mi, NumGC=99","level":"stat"}
{"@timestamp":"2023-10-08T10:24:48.310+08:00","caller":"load/sheddingstat.go:61","content":"(rpc) shedding_stat [1m], cpu: 0, total: 0, pass: 0, drop: 0","level":"stat"}
{"@timestamp":"2023-10-08T10:24:54.008+08:00","caller":"stat/metrics.go:210","content":"(model.rpc) - qps: 0.0/s, drops: 0, avg time: 0.0ms, med: 0.0ms, 90th: 0.0ms, 99th: 0.0ms, 99.9th: 0.0ms","level":"stat"}
{"@timestamp":"2023-10-08T10:25:12.469+08:00","caller":"stat/metrics.go:210","content":"(kq) - qps: 0.0/s, drops: 0, avg time: 0.0ms, med: 0.0ms, 90th: 0.0ms, 99th: 0.0ms, 99.9th: 0.0ms","level":"stat"}
{"@timestamp":"2023-10-08T10:25:48.276+08:00","caller":"stat/usage.go:61","content":"CPU: 0m, MEMORY: Alloc=4.9Mi, TotalAlloc=95.8Mi, Sys=19.4Mi, NumGC=100","level":"stat"}
{"@timestamp":"2023-10-08T10:25:48.308+08:00","caller":"load/sheddingstat.go:61","content":"(rpc) shedding_stat [1m], cpu: 0, total: 0, pass: 0, drop: 0","level":"stat"}
{"@timestamp":"2023-10-08T10:25:54.006+08:00","caller":"stat/metrics.go:210","content":"(model.rpc) - qps: 0.0/s, drops: 0, avg time: 0.0ms, med: 0.0ms, 90th: 0.0ms, 99th: 0.0ms, 99.9th: 0.0ms","level":"stat"}
{"@timestamp":"2023-10-08T10:26:12.467+08:00","caller":"stat/metrics.go:210","content":"(kq) - qps: 0.0/s, drops: 0, avg time: 0.0ms, med: 0.0ms, 90th: 0.0ms, 99th: 0.0ms, 99.9th: 0.0ms","level":"stat"}
{"@timestamp":"2023-10-08T10:26:48.273+08:00","caller":"stat/usage.go:61","content":"CPU: 0m, MEMORY: Alloc=5.2Mi, TotalAlloc=96.2Mi, Sys=19.4Mi, NumGC=100","level":"stat"}
{"@timestamp":"2023-10-08T10:26:48.306+08:00","caller":"load/sheddingstat.go:61","content":"(rpc) shedding_stat [1m], cpu: 0, total: 0, pass: 0, drop: 0","level":"stat"}
{"@timestamp":"2023-10-08T10:26:54.004+08:00","caller":"stat/metrics.go:210","content":"(model.rpc) - qps: 0.0/s, drops: 0, avg time: 0.0ms, med: 0.0ms, 90th: 0.0ms, 99th: 0.0ms, 99.9th: 0.0ms","level":"stat"}
{"@timestamp":"2023-10-08T10:27:12.465+08:00","caller":"stat/metrics.go:210","content":"(kq) - qps: 0.0/s, drops: 0, avg time: 0.0ms, med: 0.0ms, 90th: 0.0ms, 99th: 0.0ms, 99.9th: 0.0ms","level":"stat"}
{"@timestamp":"2023-10-08T10:27:48.272+08:00","caller":"stat/usage.go:61","content":"CPU: 0m, MEMORY: Alloc=4.8Mi, TotalAlloc=96.7Mi, Sys=19.4Mi, NumGC=101","level":"stat"}
{"@timestamp":"2023-10-08T10:27:48.304+08:00","caller":"load/sheddingstat.go:61","content":"(rpc) shedding_stat [1m], cpu: 0, total: 0, pass: 0, drop: 0","level":"stat"}
{"@timestamp":"2023-10-08T10:27:54.002+08:00","caller":"stat/metrics.go:210","content":"(model.rpc) - qps: 0.0/s, drops: 0, avg time: 0.0ms, med: 0.0ms, 90th: 0.0ms, 99th: 0.0ms, 99.9th: 0.0ms","level":"stat"}
{"@timestamp":"2023-10-08T10:28:12.463+08:00","caller":"stat/metrics.go:210","content":"(kq) - qps: 0.0/s, drops: 0, avg time: 0.0ms, med: 0.0ms, 90th: 0.0ms, 99th: 0.0ms, 99.9th: 0.0ms","level":"stat"}
{"@timestamp":"2023-10-08T10:28:48.271+08:00","caller":"stat/usage.go:61","content":"CPU: 0m, MEMORY: Alloc=5.3Mi, TotalAlloc=97.1Mi, Sys=19.4Mi, NumGC=101","level":"stat"}
{"@timestamp":"2023-10-08T10:28:48.302+08:00","caller":"load/sheddingstat.go:61","content":"(rpc) shedding_stat [1m], cpu: 0, total: 0, pass: 0, drop: 0","level":"stat"}
{"@timestamp":"2023-10-08T10:28:54.000+08:00","caller":"stat/metrics.go:210","content":"(model.rpc) - qps: 0.0/s, drops: 0, avg time: 0.0ms, med: 0.0ms, 90th: 0.0ms, 99th: 0.0ms, 99.9th: 0.0ms","level":"stat"}
{"@timestamp":"2023-10-08T10:29:12.461+08:00","caller":"stat/metrics.go:210","content":"(kq) - qps: 0.0/s, drops: 0, avg time: 0.0ms, med: 0.0ms, 90th: 0.0ms, 99th: 0.0ms, 99.9th: 0.0ms","level":"stat"}
{"@timestamp":"2023-10-08T10:29:48.269+08:00","caller":"stat/usage.go:61","content":"CPU: 0m, MEMORY: Alloc=4.8Mi, TotalAlloc=97.5Mi, Sys=19.4Mi, NumGC=102","level":"stat"}
{"@timestamp":"2023-10-08T10:29:48.301+08:00","caller":"load/sheddingstat.go:61","content":"(rpc) shedding_stat [1m], cpu: 0, total: 0, pass: 0, drop: 0","level":"stat"}
{"@timestamp":"2023-10-08T10:29:53.999+08:00","caller":"stat/metrics.go:210","content":"(model.rpc) - qps: 0.0/s, drops: 0, avg time: 0.0ms, med: 0.0ms, 90th: 0.0ms, 99th: 0.0ms, 99.9th: 0.0ms","level":"stat"}
{"@timestamp":"2023-10-08T10:30:12.459+08:00","caller":"stat/metrics.go:210","content":"(kq) - qps: 0.0/s, drops: 0, avg time: 0.0ms, med: 0.0ms, 90th: 0.0ms, 99th: 0.0ms, 99.9th: 0.0ms","level":"stat"}
{"@timestamp":"2023-10-08T10:30:48.267+08:00","caller":"stat/usage.go:61","content":"CPU: 0m, MEMORY: Alloc=5.2Mi, TotalAlloc=97.9Mi, Sys=19.4Mi, NumGC=102","level":"stat"}
{"@timestamp":"2023-10-08T10:30:48.298+08:00","caller":"load/sheddingstat.go:61","content":"(rpc) shedding_stat [1m], cpu: 0, total: 0, pass: 0, drop: 0","level":"stat"}
{"@timestamp":"2023-10-08T10:30:53.997+08:00","caller":"stat/metrics.go:210","content":"(model.rpc) - qps: 0.0/s, drops: 0, avg time: 0.0ms, med: 0.0ms, 90th: 0.0ms, 99th: 0.0ms, 99.9th: 0.0ms","level":"stat"}
{"@timestamp":"2023-10-08T10:31:12.458+08:00","caller":"stat/metrics.go:210","content":"(kq) - qps: 0.0/s, drops: 0, avg time: 0.0ms, med: 0.0ms, 90th: 0.0ms, 99th: 0.0ms, 99.9th: 0.0ms","level":"stat"}
{"@timestamp":"2023-10-08T10:31:48.265+08:00","caller":"stat/usage.go:61","content":"CPU: 0m, MEMORY: Alloc=4.8Mi, TotalAlloc=98.3Mi, Sys=19.4Mi, NumGC=103","level":"stat"}
{"@timestamp":"2023-10-08T10:31:48.296+08:00","caller":"load/sheddingstat.go:61","content":"(rpc) shedding_stat [1m], cpu: 0, total: 0, pass: 0, drop: 0","level":"stat"}
{"@timestamp":"2023-10-08T10:31:53.994+08:00","caller":"stat/metrics.go:210","content":"(model.rpc) - qps: 0.0/s, drops: 0, avg time: 0.0ms, med: 0.0ms, 90th: 0.0ms, 99th: 0.0ms, 99.9th: 0.0ms","level":"stat"}
{"@timestamp":"2023-10-08T10:32:12.455+08:00","caller":"stat/metrics.go:210","content":"(kq) - qps: 0.0/s, drops: 0, avg time: 0.0ms, med: 0.0ms, 90th: 0.0ms, 99th: 0.0ms, 99.9th: 0.0ms","level":"stat"}
{"@timestamp":"2023-10-08T10:32:48.263+08:00","caller":"stat/usage.go:61","content":"CPU: 0m, MEMORY: Alloc=5.3Mi, TotalAlloc=98.7Mi, Sys=19.4Mi, NumGC=103","level":"stat"}
{"@timestamp":"2023-10-08T10:32:48.294+08:00","caller":"load/sheddingstat.go:61","content":"(rpc) shedding_stat [1m], cpu: 0, total: 0, pass: 0, drop: 0","level":"stat"}
{"@timestamp":"2023-10-08T10:32:53.993+08:00","caller":"stat/metrics.go:210","content":"(model.rpc) - qps: 0.0/s, drops: 0, avg time: 0.0ms, med: 0.0ms, 90th: 0.0ms, 99th: 0.0ms, 99.9th: 0.0ms","level":"stat"}
{"@timestamp":"2023-10-08T10:33:12.453+08:00","caller":"stat/metrics.go:210","content":"(kq) - qps: 0.0/s, drops: 0, avg time: 0.0ms, med: 0.0ms, 90th: 0.0ms, 99th: 0.0ms, 99.9th: 0.0ms","level":"stat"}
{"@timestamp":"2023-10-08T10:33:48.260+08:00","caller":"stat/usage.go:61","content":"CPU: 0m, MEMORY: Alloc=4.7Mi, TotalAlloc=99.2Mi, Sys=19.4Mi, NumGC=104","level":"stat"}
{"@timestamp":"2023-10-08T10:33:48.293+08:00","caller":"load/sheddingstat.go:61","content":"(rpc) shedding_stat [1m], cpu: 0, total: 0, pass: 0, drop: 0","level":"stat"}
{"@timestamp":"2023-10-08T10:33:53.991+08:00","caller":"stat/metrics.go:210","content":"(model.rpc) - qps: 0.0/s, drops: 0, avg time: 0.0ms, med: 0.0ms, 90th: 0.0ms, 99th: 0.0ms, 99.9th: 0.0ms","level":"stat"}
{"@timestamp":"2023-10-08T10:34:12.452+08:00","caller":"stat/metrics.go:210","content":"(kq) - qps: 0.0/s, drops: 0, avg time: 0.0ms, med: 0.0ms, 90th: 0.0ms, 99th: 0.0ms, 99.9th: 0.0ms","level":"stat"}
{"@timestamp":"2023-10-08T10:34:48.258+08:00","caller":"stat/usage.go:61","content":"CPU: 0m, MEMORY: Alloc=5.2Mi, TotalAlloc=99.6Mi, Sys=19.4Mi, NumGC=104","level":"stat"}
{"@timestamp":"2023-10-08T10:34:48.291+08:00","caller":"load/sheddingstat.go:61","content":"(rpc) shedding_stat [1m], cpu: 0, total: 0, pass: 0, drop: 0","level":"stat"}
{"@timestamp":"2023-10-08T10:34:53.990+08:00","caller":"stat/metrics.go:210","content":"(model.rpc) - qps: 0.0/s, drops: 0, avg time: 0.0ms, med: 0.0ms, 90th: 0.0ms, 99th: 0.0ms, 99.9th: 0.0ms","level":"stat"}
{"@timestamp":"2023-10-08T10:35:12.432+08:00","caller":"stat/metrics.go:210","content":"(kq) - qps: 0.0/s, drops: 0, avg time: 0.0ms, med: 0.0ms, 90th: 0.0ms, 99th: 0.0ms, 99.9th: 0.0ms","level":"stat"}
{"@timestamp":"2023-10-08T10:35:48.230+08:00","caller":"stat/usage.go:61","content":"CPU: 0m, MEMORY: Alloc=4.8Mi, TotalAlloc=100.1Mi, Sys=19.4Mi, NumGC=105","level":"stat"}
{"@timestamp":"2023-10-08T10:35:48.261+08:00","caller":"load/sheddingstat.go:61","content":"(rpc) shedding_stat [1m], cpu: 0, total: 0, pass: 0, drop: 0","level":"stat"}
{"@timestamp":"2023-10-08T10:35:53.959+08:00","caller":"stat/metrics.go:210","content":"(model.rpc) - qps: 0.0/s, drops: 0, avg time: 0.0ms, med: 0.0ms, 90th: 0.0ms, 99th: 0.0ms, 99.9th: 0.0ms","level":"stat"}
{"@timestamp":"2023-10-08T10:36:12.419+08:00","caller":"stat/metrics.go:210","content":"(kq) - qps: 0.0/s, drops: 0, avg time: 0.0ms, med: 0.0ms, 90th: 0.0ms, 99th: 0.0ms, 99.9th: 0.0ms","level":"stat"}
{"@timestamp":"2023-10-08T10:36:48.226+08:00","caller":"stat/usage.go:61","content":"CPU: 0m, MEMORY: Alloc=5.2Mi, TotalAlloc=100.5Mi, Sys=19.4Mi, NumGC=105","level":"stat"}
{"@timestamp":"2023-10-08T10:36:48.258+08:00","caller":"load/sheddingstat.go:61","content":"(rpc) shedding_stat [1m], cpu: 0, total: 0, pass: 0, drop: 0","level":"stat"}
{"@timestamp":"2023-10-08T10:36:53.956+08:00","caller":"stat/metrics.go:210","content":"(model.rpc) - qps: 0.0/s, drops: 0, avg time: 0.0ms, med: 0.0ms, 90th: 0.0ms, 99th: 0.0ms, 99.9th: 0.0ms","level":"stat"}
{"@timestamp":"2023-10-08T10:37:12.417+08:00","caller":"stat/metrics.go:210","content":"(kq) - qps: 0.0/s, drops: 0, avg time: 0.0ms, med: 0.0ms, 90th: 0.0ms, 99th: 0.0ms, 99.9th: 0.0ms","level":"stat"}
{"@timestamp":"2023-10-08T10:37:48.225+08:00","caller":"stat/usage.go:61","content":"CPU: 0m, MEMORY: Alloc=4.9Mi, TotalAlloc=101.0Mi, Sys=19.4Mi, NumGC=106","level":"stat"}
{"@timestamp":"2023-10-08T10:37:48.256+08:00","caller":"load/sheddingstat.go:61","content":"(rpc) shedding_stat [1m], cpu: 0, total: 0, pass: 0, drop: 0","level":"stat"}
{"@timestamp":"2023-10-08T10:37:53.954+08:00","caller":"stat/metrics.go:210","content":"(model.rpc) - qps: 0.0/s, drops: 0, avg time: 0.0ms, med: 0.0ms, 90th: 0.0ms, 99th: 0.0ms, 99.9th: 0.0ms","level":"stat"}
{"@timestamp":"2023-10-08T10:38:12.414+08:00","caller":"stat/metrics.go:210","content":"(kq) - qps: 0.0/s, drops: 0, avg time: 0.0ms, med: 0.0ms, 90th: 0.0ms, 99th: 0.0ms, 99.9th: 0.0ms","level":"stat"}
{"@timestamp":"2023-10-08T10:38:48.222+08:00","caller":"stat/usage.go:61","content":"CPU: 0m, MEMORY: Alloc=5.5Mi, TotalAlloc=101.6Mi, Sys=19.4Mi, NumGC=106","level":"stat"}
{"@timestamp":"2023-10-08T10:38:48.253+08:00","caller":"load/sheddingstat.go:61","content":"(rpc) shedding_stat [1m], cpu: 0, total: 0, pass: 0, drop: 0","level":"stat"}
{"@timestamp":"2023-10-08T10:38:53.952+08:00","caller":"stat/metrics.go:210","content":"(model.rpc) - qps: 0.0/s, drops: 0, avg time: 0.0ms, med: 0.0ms, 90th: 0.0ms, 99th: 0.0ms, 99.9th: 0.0ms","level":"stat"}
{"@timestamp":"2023-10-08T10:39:12.413+08:00","caller":"stat/metrics.go:210","content":"(kq) - qps: 0.0/s, drops: 0, avg time: 0.0ms, med: 0.0ms, 90th: 0.0ms, 99th: 0.0ms, 99.9th: 0.0ms","level":"stat"}
{"@timestamp":"2023-10-08T10:39:48.219+08:00","caller":"stat/usage.go:61","content":"CPU: 0m, MEMORY: Alloc=4.8Mi, TotalAlloc=102.0Mi, Sys=19.4Mi, NumGC=107","level":"stat"}
{"@timestamp":"2023-10-08T10:39:48.252+08:00","caller":"load/sheddingstat.go:61","content":"(rpc) shedding_stat [1m], cpu: 0, total: 0, pass: 0, drop: 0","level":"stat"}
{"@timestamp":"2023-10-08T10:39:53.950+08:00","caller":"stat/metrics.go:210","content":"(model.rpc) - qps: 0.0/s, drops: 0, avg time: 0.0ms, med: 0.0ms, 90th: 0.0ms, 99th: 0.0ms, 99.9th: 0.0ms","level":"stat"}
{"@timestamp":"2023-10-08T10:40:12.410+08:00","caller":"stat/metrics.go:210","content":"(kq) - qps: 0.0/s, drops: 0, avg time: 0.0ms, med: 0.0ms, 90th: 0.0ms, 99th: 0.0ms, 99.9th: 0.0ms","level":"stat"}
{"@timestamp":"2023-10-08T10:40:48.217+08:00","caller":"stat/usage.go:61","content":"CPU: 0m, MEMORY: Alloc=5.2Mi, TotalAlloc=102.4Mi, Sys=19.4Mi, NumGC=107","level":"stat"}
{"@timestamp":"2023-10-08T10:40:48.249+08:00","caller":"load/sheddingstat.go:61","content":"(rpc) shedding_stat [1m], cpu: 0, total: 0, pass: 0, drop: 0","level":"stat"}
{"@timestamp":"2023-10-08T10:40:53.947+08:00","caller":"stat/metrics.go:210","content":"(model.rpc) - qps: 0.0/s, drops: 0, avg time: 0.0ms, med: 0.0ms, 90th: 0.0ms, 99th: 0.0ms, 99.9th: 0.0ms","level":"stat"}
{"@timestamp":"2023-10-08T10:41:12.407+08:00","caller":"stat/metrics.go:210","content":"(kq) - qps: 0.0/s, drops: 0, avg time: 0.0ms, med: 0.0ms, 90th: 0.0ms, 99th: 0.0ms, 99.9th: 0.0ms","level":"stat"}
{"@timestamp":"2023-10-08T10:41:48.215+08:00","caller":"stat/usage.go:61","content":"CPU: 0m, MEMORY: Alloc=4.8Mi, TotalAlloc=102.8Mi, Sys=19.4Mi, NumGC=108","level":"stat"}
{"@timestamp":"2023-10-08T10:41:48.247+08:00","caller":"load/sheddingstat.go:61","content":"(rpc) shedding_stat [1m], cpu: 0, total: 0, pass: 0, drop: 0","level":"stat"}
{"@timestamp":"2023-10-08T10:41:53.945+08:00","caller":"stat/metrics.go:210","content":"(model.rpc) - qps: 0.0/s, drops: 0, avg time: 0.0ms, med: 0.0ms, 90th: 0.0ms, 99th: 0.0ms, 99.9th: 0.0ms","level":"stat"}
{"@timestamp":"2023-10-08T10:42:12.406+08:00","caller":"stat/metrics.go:210","content":"(kq) - qps: 0.0/s, drops: 0, avg time: 0.0ms, med: 0.0ms, 90th: 0.0ms, 99th: 0.0ms, 99.9th: 0.0ms","level":"stat"}
{"@timestamp":"2023-10-08T10:42:48.213+08:00","caller":"stat/usage.go:61","content":"CPU: 0m, MEMORY: Alloc=5.2Mi, TotalAlloc=103.2Mi, Sys=19.4Mi, NumGC=108","level":"stat"}
{"@timestamp":"2023-10-08T10:42:48.245+08:00","caller":"load/sheddingstat.go:61","content":"(rpc) shedding_stat [1m], cpu: 0, total: 0, pass: 0, drop: 0","level":"stat"}
{"@timestamp":"2023-10-08T10:42:53.943+08:00","caller":"stat/metrics.go:210","content":"(model.rpc) - qps: 0.0/s, drops: 0, avg time: 0.0ms, med: 0.0ms, 90th: 0.0ms, 99th: 0.0ms, 99.9th: 0.0ms","level":"stat"}
{"@timestamp":"2023-10-08T10:43:12.404+08:00","caller":"stat/metrics.go:210","content":"(kq) - qps: 0.0/s, drops: 0, avg time: 0.0ms, med: 0.0ms, 90th: 0.0ms, 99th: 0.0ms, 99.9th: 0.0ms","level":"stat"}
{"@timestamp":"2023-10-08T10:43:48.210+08:00","caller":"stat/usage.go:61","content":"CPU: 0m, MEMORY: Alloc=4.8Mi, TotalAlloc=103.7Mi, Sys=19.4Mi, NumGC=109","level":"stat"}
{"@timestamp":"2023-10-08T10:43:48.243+08:00","caller":"load/sheddingstat.go:61","content":"(rpc) shedding_stat [1m], cpu: 0, total: 0, pass: 0, drop: 0","level":"stat"}
{"@timestamp":"2023-10-08T10:43:53.941+08:00","caller":"stat/metrics.go:210","content":"(model.rpc) - qps: 0.0/s, drops: 0, avg time: 0.0ms, med: 0.0ms, 90th: 0.0ms, 99th: 0.0ms, 99.9th: 0.0ms","level":"stat"}
{"@timestamp":"2023-10-08T10:44:12.401+08:00","caller":"stat/metrics.go:210","content":"(kq) - qps: 0.0/s, drops: 0, avg time: 0.0ms, med: 0.0ms, 90th: 0.0ms, 99th: 0.0ms, 99.9th: 0.0ms","level":"stat"}
{"@timestamp":"2023-10-08T10:44:48.209+08:00","caller":"stat/usage.go:61","content":"CPU: 0m, MEMORY: Alloc=5.2Mi, TotalAlloc=104.1Mi, Sys=19.4Mi, NumGC=109","level":"stat"}
{"@timestamp":"2023-10-08T10:44:48.241+08:00","caller":"load/sheddingstat.go:61","content":"(rpc) shedding_stat [1m], cpu: 0, total: 0, pass: 0, drop: 0","level":"stat"}
{"@timestamp":"2023-10-08T10:44:53.939+08:00","caller":"stat/metrics.go:210","content":"(model.rpc) - qps: 0.0/s, drops: 0, avg time: 0.0ms, med: 0.0ms, 90th: 0.0ms, 99th: 0.0ms, 99.9th: 0.0ms","level":"stat"}
{"@timestamp":"2023-10-08T10:45:12.399+08:00","caller":"stat/metrics.go:210","content":"(kq) - qps: 0.0/s, drops: 0, avg time: 0.0ms, med: 0.0ms, 90th: 0.0ms, 99th: 0.0ms, 99.9th: 0.0ms","level":"stat"}
{"@timestamp":"2023-10-08T10:45:48.206+08:00","caller":"stat/usage.go:61","content":"CPU: 0m, MEMORY: Alloc=4.8Mi, TotalAlloc=104.5Mi, Sys=19.4Mi, NumGC=110","level":"stat"}
{"@timestamp":"2023-10-08T10:45:48.238+08:00","caller":"load/sheddingstat.go:61","content":"(rpc) shedding_stat [1m], cpu: 0, total: 0, pass: 0, drop: 0","level":"stat"}
{"@timestamp":"2023-10-08T10:45:53.937+08:00","caller":"stat/metrics.go:210","content":"(model.rpc) - qps: 0.0/s, drops: 0, avg time: 0.0ms, med: 0.0ms, 90th: 0.0ms, 99th: 0.0ms, 99.9th: 0.0ms","level":"stat"}
{"@timestamp":"2023-10-08T10:46:12.397+08:00","caller":"stat/metrics.go:210","content":"(kq) - qps: 0.0/s, drops: 0, avg time: 0.0ms, med: 0.0ms, 90th: 0.0ms, 99th: 0.0ms, 99.9th: 0.0ms","level":"stat"}
{"@timestamp":"2023-10-08T10:46:48.204+08:00","caller":"stat/usage.go:61","content":"CPU: 0m, MEMORY: Alloc=5.2Mi, TotalAlloc=104.9Mi, Sys=19.4Mi, NumGC=110","level":"stat"}
{"@timestamp":"2023-10-08T10:46:48.236+08:00","caller":"load/sheddingstat.go:61","content":"(rpc) shedding_stat [1m], cpu: 0, total: 0, pass: 0, drop: 0","level":"stat"}
{"@timestamp":"2023-10-08T10:46:53.934+08:00","caller":"stat/metrics.go:210","content":"(model.rpc) - qps: 0.0/s, drops: 0, avg time: 0.0ms, med: 0.0ms, 90th: 0.0ms, 99th: 0.0ms, 99.9th: 0.0ms","level":"stat"}
{"@timestamp":"2023-10-08T10:47:12.395+08:00","caller":"stat/metrics.go:210","content":"(kq) - qps: 0.0/s, drops: 0, avg time: 0.0ms, med: 0.0ms, 90th: 0.0ms, 99th: 0.0ms, 99.9th: 0.0ms","level":"stat"}
{"@timestamp":"2023-10-08T10:47:48.201+08:00","caller":"stat/usage.go:61","content":"CPU: 0m, MEMORY: Alloc=4.8Mi, TotalAlloc=105.3Mi, Sys=19.4Mi, NumGC=111","level":"stat"}
{"@timestamp":"2023-10-08T10:47:48.234+08:00","caller":"load/sheddingstat.go:61","content":"(rpc) shedding_stat [1m], cpu: 0, total: 0, pass: 0, drop: 0","level":"stat"}
{"@timestamp":"2023-10-08T10:47:53.932+08:00","caller":"stat/metrics.go:210","content":"(model.rpc) - qps: 0.0/s, drops: 0, avg time: 0.0ms, med: 0.0ms, 90th: 0.0ms, 99th: 0.0ms, 99.9th: 0.0ms","level":"stat"}
{"@timestamp":"2023-10-08T10:48:12.393+08:00","caller":"stat/metrics.go:210","content":"(kq) - qps: 0.0/s, drops: 0, avg time: 0.0ms, med: 0.0ms, 90th: 0.0ms, 99th: 0.0ms, 99.9th: 0.0ms","level":"stat"}
{"@timestamp":"2023-10-08T10:48:48.200+08:00","caller":"stat/usage.go:61","content":"CPU: 0m, MEMORY: Alloc=5.3Mi, TotalAlloc=105.8Mi, Sys=19.4Mi, NumGC=111","level":"stat"}
{"@timestamp":"2023-10-08T10:48:48.232+08:00","caller":"load/sheddingstat.go:61","content":"(rpc) shedding_stat [1m], cpu: 0, total: 0, pass: 0, drop: 0","level":"stat"}
{"@timestamp":"2023-10-08T10:48:53.930+08:00","caller":"stat/metrics.go:210","content":"(model.rpc) - qps: 0.0/s, drops: 0, avg time: 0.0ms, med: 0.0ms, 90th: 0.0ms, 99th: 0.0ms, 99.9th: 0.0ms","level":"stat"}
{"@timestamp":"2023-10-08T10:49:12.391+08:00","caller":"stat/metrics.go:210","content":"(kq) - qps: 0.0/s, drops: 0, avg time: 0.0ms, med: 0.0ms, 90th: 0.0ms, 99th: 0.0ms, 99.9th: 0.0ms","level":"stat"}
{"@timestamp":"2023-10-08T10:49:48.198+08:00","caller":"stat/usage.go:61","content":"CPU: 0m, MEMORY: Alloc=4.7Mi, TotalAlloc=106.2Mi, Sys=19.4Mi, NumGC=112","level":"stat"}
{"@timestamp":"2023-10-08T10:49:48.237+08:00","caller":"load/sheddingstat.go:61","content":"(rpc) shedding_stat [1m], cpu: 0, total: 0, pass: 0, drop: 0","level":"stat"}
{"@timestamp":"2023-10-08T10:49:53.927+08:00","caller":"stat/metrics.go:210","content":"(model.rpc) - qps: 0.0/s, drops: 0, avg time: 0.0ms, med: 0.0ms, 90th: 0.0ms, 99th: 0.0ms, 99.9th: 0.0ms","level":"stat"}
{"@timestamp":"2023-10-08T10:50:12.391+08:00","caller":"stat/metrics.go:210","content":"(kq) - qps: 0.0/s, drops: 0, avg time: 0.0ms, med: 0.0ms, 90th: 0.0ms, 99th: 0.0ms, 99.9th: 0.0ms","level":"stat"}
{"@timestamp":"2023-10-08T10:50:48.199+08:00","caller":"stat/usage.go:61","content":"CPU: 0m, MEMORY: Alloc=5.1Mi, TotalAlloc=106.6Mi, Sys=19.4Mi, NumGC=112","level":"stat"}
{"@timestamp":"2023-10-08T10:50:48.232+08:00","caller":"load/sheddingstat.go:61","content":"(rpc) shedding_stat [1m], cpu: 0, total: 0, pass: 0, drop: 0","level":"stat"}
{"@timestamp":"2023-10-08T10:50:53.929+08:00","caller":"stat/metrics.go:210","content":"(model.rpc) - qps: 0.0/s, drops: 0, avg time: 0.0ms, med: 0.0ms, 90th: 0.0ms, 99th: 0.0ms, 99.9th: 0.0ms","level":"stat"}
{"@timestamp":"2023-10-08T10:51:12.391+08:00","caller":"stat/metrics.go:210","content":"(kq) - qps: 0.0/s, drops: 0, avg time: 0.0ms, med: 0.0ms, 90th: 0.0ms, 99th: 0.0ms, 99.9th: 0.0ms","level":"stat"}
{"@timestamp":"2023-10-08T10:51:48.198+08:00","caller":"stat/usage.go:61","content":"CPU: 0m, MEMORY: Alloc=4.9Mi, TotalAlloc=107.0Mi, Sys=19.4Mi, NumGC=113","level":"stat"}
{"@timestamp":"2023-10-08T10:51:48.230+08:00","caller":"load/sheddingstat.go:61","content":"(rpc) shedding_stat [1m], cpu: 0, total: 0, pass: 0, drop: 0","level":"stat"}
{"@timestamp":"2023-10-08T10:51:53.928+08:00","caller":"stat/metrics.go:210","content":"(model.rpc) - qps: 0.0/s, drops: 0, avg time: 0.0ms, med: 0.0ms, 90th: 0.0ms, 99th: 0.0ms, 99.9th: 0.0ms","level":"stat"}
{"@timestamp":"2023-10-08T10:52:12.387+08:00","caller":"stat/metrics.go:210","content":"(kq) - qps: 0.0/s, drops: 0, avg time: 0.0ms, med: 0.0ms, 90th: 0.0ms, 99th: 0.0ms, 99.9th: 0.0ms","level":"stat"}
{"@timestamp":"2023-10-08T10:52:48.196+08:00","caller":"stat/usage.go:61","content":"CPU: 0m, MEMORY: Alloc=5.2Mi, TotalAlloc=107.3Mi, Sys=19.4Mi, NumGC=113","level":"stat"}
{"@timestamp":"2023-10-08T10:52:48.228+08:00","caller":"load/sheddingstat.go:61","content":"(rpc) shedding_stat [1m], cpu: 0, total: 0, pass: 0, drop: 0","level":"stat"}
{"@timestamp":"2023-10-08T10:52:53.926+08:00","caller":"stat/metrics.go:210","content":"(model.rpc) - qps: 0.0/s, drops: 0, avg time: 0.0ms, med: 0.0ms, 90th: 0.0ms, 99th: 0.0ms, 99.9th: 0.0ms","level":"stat"}
{"@timestamp":"2023-10-08T10:53:12.386+08:00","caller":"stat/metrics.go:210","content":"(kq) - qps: 0.0/s, drops: 0, avg time: 0.0ms, med: 0.0ms, 90th: 0.0ms, 99th: 0.0ms, 99.9th: 0.0ms","level":"stat"}
{"@timestamp":"2023-10-08T10:53:48.194+08:00","caller":"stat/usage.go:61","content":"CPU: 0m, MEMORY: Alloc=4.9Mi, TotalAlloc=107.9Mi, Sys=19.4Mi, NumGC=114","level":"stat"}
{"@timestamp":"2023-10-08T10:53:48.225+08:00","caller":"load/sheddingstat.go:61","content":"(rpc) shedding_stat [1m], cpu: 0, total: 0, pass: 0, drop: 0","level":"stat"}
{"@timestamp":"2023-10-08T10:53:53.923+08:00","caller":"stat/metrics.go:210","content":"(model.rpc) - qps: 0.0/s, drops: 0, avg time: 0.0ms, med: 0.0ms, 90th: 0.0ms, 99th: 0.0ms, 99.9th: 0.0ms","level":"stat"}
{"@timestamp":"2023-10-08T10:54:12.384+08:00","caller":"stat/metrics.go:210","content":"(kq) - qps: 0.0/s, drops: 0, avg time: 0.0ms, med: 0.0ms, 90th: 0.0ms, 99th: 0.0ms, 99.9th: 0.0ms","level":"stat"}
{"@timestamp":"2023-10-08T10:54:48.191+08:00","caller":"stat/usage.go:61","content":"CPU: 0m, MEMORY: Alloc=5.3Mi, TotalAlloc=108.3Mi, Sys=19.4Mi, NumGC=114","level":"stat"}
{"@timestamp":"2023-10-08T10:54:48.223+08:00","caller":"load/sheddingstat.go:61","content":"(rpc) shedding_stat [1m], cpu: 0, total: 0, pass: 0, drop: 0","level":"stat"}
{"@timestamp":"2023-10-08T10:54:53.923+08:00","caller":"stat/metrics.go:210","content":"(model.rpc) - qps: 0.0/s, drops: 0, avg time: 0.0ms, med: 0.0ms, 90th: 0.0ms, 99th: 0.0ms, 99.9th: 0.0ms","level":"stat"}
{"@timestamp":"2023-10-08T10:55:12.382+08:00","caller":"stat/metrics.go:210","content":"(kq) - qps: 0.0/s, drops: 0, avg time: 0.0ms, med: 0.0ms, 90th: 0.0ms, 99th: 0.0ms, 99.9th: 0.0ms","level":"stat"}
{"@timestamp":"2023-10-08T10:55:48.189+08:00","caller":"stat/usage.go:61","content":"CPU: 0m, MEMORY: Alloc=4.9Mi, TotalAlloc=108.8Mi, Sys=19.4Mi, NumGC=115","level":"stat"}
{"@timestamp":"2023-10-08T10:55:48.221+08:00","caller":"load/sheddingstat.go:61","content":"(rpc) shedding_stat [1m], cpu: 0, total: 0, pass: 0, drop: 0","level":"stat"}
{"@timestamp":"2023-10-08T10:55:53.919+08:00","caller":"stat/metrics.go:210","content":"(model.rpc) - qps: 0.0/s, drops: 0, avg time: 0.0ms, med: 0.0ms, 90th: 0.0ms, 99th: 0.0ms, 99.9th: 0.0ms","level":"stat"}
{"@timestamp":"2023-10-08T10:56:12.380+08:00","caller":"stat/metrics.go:210","content":"(kq) - qps: 0.0/s, drops: 0, avg time: 0.0ms, med: 0.0ms, 90th: 0.0ms, 99th: 0.0ms, 99.9th: 0.0ms","level":"stat"}
{"@timestamp":"2023-10-08T10:56:48.187+08:00","caller":"stat/usage.go:61","content":"CPU: 0m, MEMORY: Alloc=5.3Mi, TotalAlloc=109.2Mi, Sys=19.4Mi, NumGC=115","level":"stat"}
{"@timestamp":"2023-10-08T10:56:48.219+08:00","caller":"load/sheddingstat.go:61","content":"(rpc) shedding_stat [1m], cpu: 0, total: 0, pass: 0, drop: 0","level":"stat"}
{"@timestamp":"2023-10-08T10:56:53.917+08:00","caller":"stat/metrics.go:210","content":"(model.rpc) - qps: 0.0/s, drops: 0, avg time: 0.0ms, med: 0.0ms, 90th: 0.0ms, 99th: 0.0ms, 99.9th: 0.0ms","level":"stat"}
{"@timestamp":"2023-10-08T10:57:12.378+08:00","caller":"stat/metrics.go:210","content":"(kq) - qps: 0.0/s, drops: 0, avg time: 0.0ms, med: 0.0ms, 90th: 0.0ms, 99th: 0.0ms, 99.9th: 0.0ms","level":"stat"}
{"@timestamp":"2023-10-08T10:57:48.185+08:00","caller":"stat/usage.go:61","content":"CPU: 0m, MEMORY: Alloc=4.8Mi, TotalAlloc=109.5Mi, Sys=19.4Mi, NumGC=116","level":"stat"}
{"@timestamp":"2023-10-08T10:57:48.217+08:00","caller":"load/sheddingstat.go:61","content":"(rpc) shedding_stat [1m], cpu: 0, total: 0, pass: 0, drop: 0","level":"stat"}
{"@timestamp":"2023-10-08T10:57:53.915+08:00","caller":"stat/metrics.go:210","content":"(model.rpc) - qps: 0.0/s, drops: 0, avg time: 0.0ms, med: 0.0ms, 90th: 0.0ms, 99th: 0.0ms, 99.9th: 0.0ms","level":"stat"}
{"@timestamp":"2023-10-08T10:58:12.375+08:00","caller":"stat/metrics.go:210","content":"(kq) - qps: 0.0/s, drops: 0, avg time: 0.0ms, med: 0.0ms, 90th: 0.0ms, 99th: 0.0ms, 99.9th: 0.0ms","level":"stat"}
{"@timestamp":"2023-10-08T10:58:48.183+08:00","caller":"stat/usage.go:61","content":"CPU: 0m, MEMORY: Alloc=5.3Mi, TotalAlloc=110.0Mi, Sys=19.4Mi, NumGC=116","level":"stat"}
{"@timestamp":"2023-10-08T10:58:48.215+08:00","caller":"load/sheddingstat.go:61","content":"(rpc) shedding_stat [1m], cpu: 0, total: 0, pass: 0, drop: 0","level":"stat"}
{"@timestamp":"2023-10-08T10:58:53.913+08:00","caller":"stat/metrics.go:210","content":"(model.rpc) - qps: 0.0/s, drops: 0, avg time: 0.0ms, med: 0.0ms, 90th: 0.0ms, 99th: 0.0ms, 99.9th: 0.0ms","level":"stat"}
{"@timestamp":"2023-10-08T10:59:12.373+08:00","caller":"stat/metrics.go:210","content":"(kq) - qps: 0.0/s, drops: 0, avg time: 0.0ms, med: 0.0ms, 90th: 0.0ms, 99th: 0.0ms, 99.9th: 0.0ms","level":"stat"}
{"@timestamp":"2023-10-08T10:59:48.181+08:00","caller":"stat/usage.go:61","content":"CPU: 0m, MEMORY: Alloc=4.8Mi, TotalAlloc=110.5Mi, Sys=19.4Mi, NumGC=117","level":"stat"}
{"@timestamp":"2023-10-08T10:59:48.213+08:00","caller":"load/sheddingstat.go:61","content":"(rpc) shedding_stat [1m], cpu: 0, total: 0, pass: 0, drop: 0","level":"stat"}
{"@timestamp":"2023-10-08T10:59:53.911+08:00","caller":"stat/metrics.go:210","content":"(model.rpc) - qps: 0.0/s, drops: 0, avg time: 0.0ms, med: 0.0ms, 90th: 0.0ms, 99th: 0.0ms, 99.9th: 0.0ms","level":"stat"}
{"@timestamp":"2023-10-08T11:00:12.371+08:00","caller":"stat/metrics.go:210","content":"(kq) - qps: 0.0/s, drops: 0, avg time: 0.0ms, med: 0.0ms, 90th: 0.0ms, 99th: 0.0ms, 99.9th: 0.0ms","level":"stat"}
{"@timestamp":"2023-10-08T11:00:48.177+08:00","caller":"stat/usage.go:61","content":"CPU: 0m, MEMORY: Alloc=5.2Mi, TotalAlloc=110.9Mi, Sys=19.4Mi, NumGC=117","level":"stat"}
{"@timestamp":"2023-10-08T11:00:48.210+08:00","caller":"load/sheddingstat.go:61","content":"(rpc) shedding_stat [1m], cpu: 0, total: 0, pass: 0, drop: 0","level":"stat"}
{"@timestamp":"2023-10-08T11:00:53.909+08:00","caller":"stat/metrics.go:210","content":"(model.rpc) - qps: 0.0/s, drops: 0, avg time: 0.0ms, med: 0.0ms, 90th: 0.0ms, 99th: 0.0ms, 99.9th: 0.0ms","level":"stat"}
{"@timestamp":"2023-10-08T11:01:12.369+08:00","caller":"stat/metrics.go:210","content":"(kq) - qps: 0.0/s, drops: 0, avg time: 0.0ms, med: 0.0ms, 90th: 0.0ms, 99th: 0.0ms, 99.9th: 0.0ms","level":"stat"}
{"@timestamp":"2023-10-08T11:01:48.176+08:00","caller":"stat/usage.go:61","content":"CPU: 0m, MEMORY: Alloc=4.8Mi, TotalAlloc=111.3Mi, Sys=19.4Mi, NumGC=118","level":"stat"}
{"@timestamp":"2023-10-08T11:01:48.208+08:00","caller":"load/sheddingstat.go:61","content":"(rpc) shedding_stat [1m], cpu: 0, total: 0, pass: 0, drop: 0","level":"stat"}
{"@timestamp":"2023-10-08T11:01:53.907+08:00","caller":"stat/metrics.go:210","content":"(model.rpc) - qps: 0.0/s, drops: 0, avg time: 0.0ms, med: 0.0ms, 90th: 0.0ms, 99th: 0.0ms, 99.9th: 0.0ms","level":"stat"}
{"@timestamp":"2023-10-08T11:02:12.367+08:00","caller":"stat/metrics.go:210","content":"(kq) - qps: 0.0/s, drops: 0, avg time: 0.0ms, med: 0.0ms, 90th: 0.0ms, 99th: 0.0ms, 99.9th: 0.0ms","level":"stat"}
{"@timestamp":"2023-10-08T11:02:48.174+08:00","caller":"stat/usage.go:61","content":"CPU: 0m, MEMORY: Alloc=5.2Mi, TotalAlloc=111.8Mi, Sys=19.4Mi, NumGC=118","level":"stat"}
{"@timestamp":"2023-10-08T11:02:48.206+08:00","caller":"load/sheddingstat.go:61","content":"(rpc) shedding_stat [1m], cpu: 0, total: 0, pass: 0, drop: 0","level":"stat"}
{"@timestamp":"2023-10-08T11:02:53.904+08:00","caller":"stat/metrics.go:210","content":"(model.rpc) - qps: 0.0/s, drops: 0, avg time: 0.0ms, med: 0.0ms, 90th: 0.0ms, 99th: 0.0ms, 99.9th: 0.0ms","level":"stat"}
{"@timestamp":"2023-10-08T11:03:12.365+08:00","caller":"stat/metrics.go:210","content":"(kq) - qps: 0.0/s, drops: 0, avg time: 0.0ms, med: 0.0ms, 90th: 0.0ms, 99th: 0.0ms, 99.9th: 0.0ms","level":"stat"}
{"@timestamp":"2023-10-08T11:03:48.172+08:00","caller":"stat/usage.go:61","content":"CPU: 0m, MEMORY: Alloc=4.8Mi, TotalAlloc=112.3Mi, Sys=19.4Mi, NumGC=119","level":"stat"}
{"@timestamp":"2023-10-08T11:03:48.204+08:00","caller":"load/sheddingstat.go:61","content":"(rpc) shedding_stat [1m], cpu: 0, total: 0, pass: 0, drop: 0","level":"stat"}
{"@timestamp":"2023-10-08T11:03:53.904+08:00","caller":"stat/metrics.go:210","content":"(model.rpc) - qps: 0.0/s, drops: 0, avg time: 0.0ms, med: 0.0ms, 90th: 0.0ms, 99th: 0.0ms, 99.9th: 0.0ms","level":"stat"}
{"@timestamp":"2023-10-08T11:04:12.363+08:00","caller":"stat/metrics.go:210","content":"(kq) - qps: 0.0/s, drops: 0, avg time: 0.0ms, med: 0.0ms, 90th: 0.0ms, 99th: 0.0ms, 99.9th: 0.0ms","level":"stat"}
{"@timestamp":"2023-10-08T11:04:48.170+08:00","caller":"stat/usage.go:61","content":"CPU: 0m, MEMORY: Alloc=5.2Mi, TotalAlloc=112.7Mi, Sys=19.4Mi, NumGC=119","level":"stat"}
{"@timestamp":"2023-10-08T11:04:48.202+08:00","caller":"load/sheddingstat.go:61","content":"(rpc) shedding_stat [1m], cpu: 0, total: 0, pass: 0, drop: 0","level":"stat"}
{"@timestamp":"2023-10-08T11:04:53.900+08:00","caller":"stat/metrics.go:210","content":"(model.rpc) - qps: 0.0/s, drops: 0, avg time: 0.0ms, med: 0.0ms, 90th: 0.0ms, 99th: 0.0ms, 99.9th: 0.0ms","level":"stat"}
{"@timestamp":"2023-10-08T11:05:12.361+08:00","caller":"stat/metrics.go:210","content":"(kq) - qps: 0.0/s, drops: 0, avg time: 0.0ms, med: 0.0ms, 90th: 0.0ms, 99th: 0.0ms, 99.9th: 0.0ms","level":"stat"}
{"@timestamp":"2023-10-08T11:05:48.170+08:00","caller":"stat/usage.go:61","content":"CPU: 0m, MEMORY: Alloc=4.8Mi, TotalAlloc=113.1Mi, Sys=19.4Mi, NumGC=120","level":"stat"}
{"@timestamp":"2023-10-08T11:05:48.203+08:00","caller":"load/sheddingstat.go:61","content":"(rpc) shedding_stat [1m], cpu: 0, total: 0, pass: 0, drop: 0","level":"stat"}
{"@timestamp":"2023-10-08T11:05:53.902+08:00","caller":"stat/metrics.go:210","content":"(model.rpc) - qps: 0.0/s, drops: 0, avg time: 0.0ms, med: 0.0ms, 90th: 0.0ms, 99th: 0.0ms, 99.9th: 0.0ms","level":"stat"}
{"@timestamp":"2023-10-08T11:06:12.365+08:00","caller":"stat/metrics.go:210","content":"(kq) - qps: 0.0/s, drops: 0, avg time: 0.0ms, med: 0.0ms, 90th: 0.0ms, 99th: 0.0ms, 99.9th: 0.0ms","level":"stat"}
{"@timestamp":"2023-10-08T11:06:48.172+08:00","caller":"stat/usage.go:61","content":"CPU: 0m, MEMORY: Alloc=5.2Mi, TotalAlloc=113.5Mi, Sys=19.4Mi, NumGC=120","level":"stat"}
{"@timestamp":"2023-10-08T11:06:48.204+08:00","caller":"load/sheddingstat.go:61","content":"(rpc) shedding_stat [1m], cpu: 0, total: 0, pass: 0, drop: 0","level":"stat"}
{"@timestamp":"2023-10-08T11:06:53.903+08:00","caller":"stat/metrics.go:210","content":"(model.rpc) - qps: 0.0/s, drops: 0, avg time: 0.0ms, med: 0.0ms, 90th: 0.0ms, 99th: 0.0ms, 99.9th: 0.0ms","level":"stat"}
{"@timestamp":"2023-10-08T11:07:12.363+08:00","caller":"stat/metrics.go:210","content":"(kq) - qps: 0.0/s, drops: 0, avg time: 0.0ms, med: 0.0ms, 90th: 0.0ms, 99th: 0.0ms, 99.9th: 0.0ms","level":"stat"}
{"@timestamp":"2023-10-08T11:07:48.170+08:00","caller":"stat/usage.go:61","content":"CPU: 0m, MEMORY: Alloc=4.8Mi, TotalAlloc=113.8Mi, Sys=19.4Mi, NumGC=121","level":"stat"}
{"@timestamp":"2023-10-08T11:07:48.202+08:00","caller":"load/sheddingstat.go:61","content":"(rpc) shedding_stat [1m], cpu: 0, total: 0, pass: 0, drop: 0","level":"stat"}
{"@timestamp":"2023-10-08T11:07:53.900+08:00","caller":"stat/metrics.go:210","content":"(model.rpc) - qps: 0.0/s, drops: 0, avg time: 0.0ms, med: 0.0ms, 90th: 0.0ms, 99th: 0.0ms, 99.9th: 0.0ms","level":"stat"}
{"@timestamp":"2023-10-08T11:08:12.361+08:00","caller":"stat/metrics.go:210","content":"(kq) - qps: 0.0/s, drops: 0, avg time: 0.0ms, med: 0.0ms, 90th: 0.0ms, 99th: 0.0ms, 99.9th: 0.0ms","level":"stat"}
{"@timestamp":"2023-10-08T11:08:48.168+08:00","caller":"stat/usage.go:61","content":"CPU: 0m, MEMORY: Alloc=5.2Mi, TotalAlloc=114.3Mi, Sys=19.4Mi, NumGC=121","level":"stat"}
{"@timestamp":"2023-10-08T11:08:48.200+08:00","caller":"load/sheddingstat.go:61","content":"(rpc) shedding_stat [1m], cpu: 0, total: 0, pass: 0, drop: 0","level":"stat"}
{"@timestamp":"2023-10-08T11:08:53.899+08:00","caller":"stat/metrics.go:210","content":"(model.rpc) - qps: 0.0/s, drops: 0, avg time: 0.0ms, med: 0.0ms, 90th: 0.0ms, 99th: 0.0ms, 99.9th: 0.0ms","level":"stat"}
{"@timestamp":"2023-10-08T11:09:12.359+08:00","caller":"stat/metrics.go:210","content":"(kq) - qps: 0.0/s, drops: 0, avg time: 0.0ms, med: 0.0ms, 90th: 0.0ms, 99th: 0.0ms, 99.9th: 0.0ms","level":"stat"}
{"@timestamp":"2023-10-08T11:09:48.166+08:00","caller":"stat/usage.go:61","content":"CPU: 0m, MEMORY: Alloc=4.8Mi, TotalAlloc=114.7Mi, Sys=19.4Mi, NumGC=122","level":"stat"}
{"@timestamp":"2023-10-08T11:09:48.198+08:00","caller":"load/sheddingstat.go:61","content":"(rpc) shedding_stat [1m], cpu: 0, total: 0, pass: 0, drop: 0","level":"stat"}
{"@timestamp":"2023-10-08T11:09:53.896+08:00","caller":"stat/metrics.go:210","content":"(model.rpc) - qps: 0.0/s, drops: 0, avg time: 0.0ms, med: 0.0ms, 90th: 0.0ms, 99th: 0.0ms, 99.9th: 0.0ms","level":"stat"}
{"@timestamp":"2023-10-08T11:10:12.357+08:00","caller":"stat/metrics.go:210","content":"(kq) - qps: 0.0/s, drops: 0, avg time: 0.0ms, med: 0.0ms, 90th: 0.0ms, 99th: 0.0ms, 99.9th: 0.0ms","level":"stat"}
{"@timestamp":"2023-10-08T11:10:48.164+08:00","caller":"stat/usage.go:61","content":"CPU: 0m, MEMORY: Alloc=5.2Mi, TotalAlloc=115.1Mi, Sys=19.4Mi, NumGC=122","level":"stat"}
{"@timestamp":"2023-10-08T11:10:48.196+08:00","caller":"load/sheddingstat.go:61","content":"(rpc) shedding_stat [1m], cpu: 0, total: 0, pass: 0, drop: 0","level":"stat"}
{"@timestamp":"2023-10-08T11:10:53.895+08:00","caller":"stat/metrics.go:210","content":"(model.rpc) - qps: 0.0/s, drops: 0, avg time: 0.0ms, med: 0.0ms, 90th: 0.0ms, 99th: 0.0ms, 99.9th: 0.0ms","level":"stat"}
{"@timestamp":"2023-10-08T11:11:12.355+08:00","caller":"stat/metrics.go:210","content":"(kq) - qps: 0.0/s, drops: 0, avg time: 0.0ms, med: 0.0ms, 90th: 0.0ms, 99th: 0.0ms, 99.9th: 0.0ms","level":"stat"}
{"@timestamp":"2023-10-08T11:11:48.162+08:00","caller":"stat/usage.go:61","content":"CPU: 0m, MEMORY: Alloc=4.8Mi, TotalAlloc=115.5Mi, Sys=19.4Mi, NumGC=123","level":"stat"}
{"@timestamp":"2023-10-08T11:11:48.194+08:00","caller":"load/sheddingstat.go:61","content":"(rpc) shedding_stat [1m], cpu: 0, total: 0, pass: 0, drop: 0","level":"stat"}
{"@timestamp":"2023-10-08T11:11:53.892+08:00","caller":"stat/metrics.go:210","content":"(model.rpc) - qps: 0.0/s, drops: 0, avg time: 0.0ms, med: 0.0ms, 90th: 0.0ms, 99th: 0.0ms, 99.9th: 0.0ms","level":"stat"}
{"@timestamp":"2023-10-08T11:12:12.353+08:00","caller":"stat/metrics.go:210","content":"(kq) - qps: 0.0/s, drops: 0, avg time: 0.0ms, med: 0.0ms, 90th: 0.0ms, 99th: 0.0ms, 99.9th: 0.0ms","level":"stat"}
{"@timestamp":"2023-10-08T11:12:48.161+08:00","caller":"stat/usage.go:61","content":"CPU: 0m, MEMORY: Alloc=5.2Mi, TotalAlloc=115.9Mi, Sys=19.4Mi, NumGC=123","level":"stat"}
{"@timestamp":"2023-10-08T11:12:48.192+08:00","caller":"load/sheddingstat.go:61","content":"(rpc) shedding_stat [1m], cpu: 0, total: 0, pass: 0, drop: 0","level":"stat"}
{"@timestamp":"2023-10-08T11:12:53.891+08:00","caller":"stat/metrics.go:210","content":"(model.rpc) - qps: 0.0/s, drops: 0, avg time: 0.0ms, med: 0.0ms, 90th: 0.0ms, 99th: 0.0ms, 99.9th: 0.0ms","level":"stat"}
{"@timestamp":"2023-10-08T11:13:12.351+08:00","caller":"stat/metrics.go:210","content":"(kq) - qps: 0.0/s, drops: 0, avg time: 0.0ms, med: 0.0ms, 90th: 0.0ms, 99th: 0.0ms, 99.9th: 0.0ms","level":"stat"}
{"@timestamp":"2023-10-08T11:13:48.158+08:00","caller":"stat/usage.go:61","content":"CPU: 0m, MEMORY: Alloc=4.8Mi, TotalAlloc=116.4Mi, Sys=19.4Mi, NumGC=124","level":"stat"}
{"@timestamp":"2023-10-08T11:13:48.190+08:00","caller":"load/sheddingstat.go:61","content":"(rpc) shedding_stat [1m], cpu: 0, total: 0, pass: 0, drop: 0","level":"stat"}
{"@timestamp":"2023-10-08T11:13:53.888+08:00","caller":"stat/metrics.go:210","content":"(model.rpc) - qps: 0.0/s, drops: 0, avg time: 0.0ms, med: 0.0ms, 90th: 0.0ms, 99th: 0.0ms, 99.9th: 0.0ms","level":"stat"}
{"@timestamp":"2023-10-08T11:14:12.348+08:00","caller":"stat/metrics.go:210","content":"(kq) - qps: 0.0/s, drops: 0, avg time: 0.0ms, med: 0.0ms, 90th: 0.0ms, 99th: 0.0ms, 99.9th: 0.0ms","level":"stat"}
{"@timestamp":"2023-10-08T11:14:48.156+08:00","caller":"stat/usage.go:61","content":"CPU: 0m, MEMORY: Alloc=5.2Mi, TotalAlloc=116.9Mi, Sys=19.4Mi, NumGC=124","level":"stat"}
{"@timestamp":"2023-10-08T11:14:48.188+08:00","caller":"load/sheddingstat.go:61","content":"(rpc) shedding_stat [1m], cpu: 0, total: 0, pass: 0, drop: 0","level":"stat"}
{"@timestamp":"2023-10-08T11:14:53.886+08:00","caller":"stat/metrics.go:210","content":"(model.rpc) - qps: 0.0/s, drops: 0, avg time: 0.0ms, med: 0.0ms, 90th: 0.0ms, 99th: 0.0ms, 99.9th: 0.0ms","level":"stat"}
{"@timestamp":"2023-10-08T11:15:12.347+08:00","caller":"stat/metrics.go:210","content":"(kq) - qps: 0.0/s, drops: 0, avg time: 0.0ms, med: 0.0ms, 90th: 0.0ms, 99th: 0.0ms, 99.9th: 0.0ms","level":"stat"}
{"@timestamp":"2023-10-08T11:15:48.159+08:00","caller":"stat/usage.go:61","content":"CPU: 0m, MEMORY: Alloc=4.8Mi, TotalAlloc=117.3Mi, Sys=19.4Mi, NumGC=125","level":"stat"}
{"@timestamp":"2023-10-08T11:15:48.186+08:00","caller":"load/sheddingstat.go:61","content":"(rpc) shedding_stat [1m], cpu: 0, total: 0, pass: 0, drop: 0","level":"stat"}
{"@timestamp":"2023-10-08T11:15:53.884+08:00","caller":"stat/metrics.go:210","content":"(model.rpc) - qps: 0.0/s, drops: 0, avg time: 0.0ms, med: 0.0ms, 90th: 0.0ms, 99th: 0.0ms, 99.9th: 0.0ms","level":"stat"}
{"@timestamp":"2023-10-08T11:16:12.345+08:00","caller":"stat/metrics.go:210","content":"(kq) - qps: 0.0/s, drops: 0, avg time: 0.0ms, med: 0.0ms, 90th: 0.0ms, 99th: 0.0ms, 99.9th: 0.0ms","level":"stat"}
{"@timestamp":"2023-10-08T11:16:48.152+08:00","caller":"stat/usage.go:61","content":"CPU: 0m, MEMORY: Alloc=5.2Mi, TotalAlloc=117.7Mi, Sys=19.4Mi, NumGC=125","level":"stat"}
{"@timestamp":"2023-10-08T11:16:48.184+08:00","caller":"load/sheddingstat.go:61","content":"(rpc) shedding_stat [1m], cpu: 0, total: 0, pass: 0, drop: 0","level":"stat"}
{"@timestamp":"2023-10-08T11:16:53.882+08:00","caller":"stat/metrics.go:210","content":"(model.rpc) - qps: 0.0/s, drops: 0, avg time: 0.0ms, med: 0.0ms, 90th: 0.0ms, 99th: 0.0ms, 99.9th: 0.0ms","level":"stat"}
{"@timestamp":"2023-10-08T11:17:12.342+08:00","caller":"stat/metrics.go:210","content":"(kq) - qps: 0.0/s, drops: 0, avg time: 0.0ms, med: 0.0ms, 90th: 0.0ms, 99th: 0.0ms, 99.9th: 0.0ms","level":"stat"}
{"@timestamp":"2023-10-08T11:17:48.150+08:00","caller":"stat/usage.go:61","content":"CPU: 0m, MEMORY: Alloc=4.8Mi, TotalAlloc=118.1Mi, Sys=19.4Mi, NumGC=126","level":"stat"}
{"@timestamp":"2023-10-08T11:17:48.182+08:00","caller":"load/sheddingstat.go:61","content":"(rpc) shedding_stat [1m], cpu: 0, total: 0, pass: 0, drop: 0","level":"stat"}
{"@timestamp":"2023-10-08T11:17:53.880+08:00","caller":"stat/metrics.go:210","content":"(model.rpc) - qps: 0.0/s, drops: 0, avg time: 0.0ms, med: 0.0ms, 90th: 0.0ms, 99th: 0.0ms, 99.9th: 0.0ms","level":"stat"}
{"@timestamp":"2023-10-08T11:18:12.340+08:00","caller":"stat/metrics.go:210","content":"(kq) - qps: 0.0/s, drops: 0, avg time: 0.0ms, med: 0.0ms, 90th: 0.0ms, 99th: 0.0ms, 99.9th: 0.0ms","level":"stat"}
{"@timestamp":"2023-10-08T11:18:48.148+08:00","caller":"stat/usage.go:61","content":"CPU: 0m, MEMORY: Alloc=5.3Mi, TotalAlloc=118.6Mi, Sys=19.4Mi, NumGC=126","level":"stat"}
{"@timestamp":"2023-10-08T11:18:48.180+08:00","caller":"load/sheddingstat.go:61","content":"(rpc) shedding_stat [1m], cpu: 0, total: 0, pass: 0, drop: 0","level":"stat"}
{"@timestamp":"2023-10-08T11:18:53.878+08:00","caller":"stat/metrics.go:210","content":"(model.rpc) - qps: 0.0/s, drops: 0, avg time: 0.0ms, med: 0.0ms, 90th: 0.0ms, 99th: 0.0ms, 99.9th: 0.0ms","level":"stat"}
{"@timestamp":"2023-10-08T11:19:12.338+08:00","caller":"stat/metrics.go:210","content":"(kq) - qps: 0.0/s, drops: 0, avg time: 0.0ms, med: 0.0ms, 90th: 0.0ms, 99th: 0.0ms, 99.9th: 0.0ms","level":"stat"}
{"@timestamp":"2023-10-08T11:19:48.146+08:00","caller":"stat/usage.go:61","content":"CPU: 0m, MEMORY: Alloc=4.9Mi, TotalAlloc=119.1Mi, Sys=19.4Mi, NumGC=127","level":"stat"}
{"@timestamp":"2023-10-08T11:19:48.178+08:00","caller":"load/sheddingstat.go:61","content":"(rpc) shedding_stat [1m], cpu: 0, total: 0, pass: 0, drop: 0","level":"stat"}
{"@timestamp":"2023-10-08T11:19:53.876+08:00","caller":"stat/metrics.go:210","content":"(model.rpc) - qps: 0.0/s, drops: 0, avg time: 0.0ms, med: 0.0ms, 90th: 0.0ms, 99th: 0.0ms, 99.9th: 0.0ms","level":"stat"}
{"@timestamp":"2023-10-08T11:35:31.507+08:00","caller":"stat/metrics.go:210","content":"(kq) - qps: 0.0/s, drops: 0, avg time: 0.0ms, med: 0.0ms, 90th: 0.0ms, 99th: 0.0ms, 99.9th: 0.0ms","level":"stat"}
{"@timestamp":"2023-10-08T11:36:07.294+08:00","caller":"stat/usage.go:61","content":"CPU: 0m, MEMORY: Alloc=5.3Mi, TotalAlloc=119.4Mi, Sys=19.4Mi, NumGC=127","level":"stat"}
{"@timestamp":"2023-10-08T11:36:07.324+08:00","caller":"load/sheddingstat.go:61","content":"(rpc) shedding_stat [1m], cpu: 0, total: 0, pass: 0, drop: 0","level":"stat"}
{"@timestamp":"2023-10-08T11:51:16.068+08:00","caller":"stat/metrics.go:210","content":"(model.rpc) - qps: 0.0/s, drops: 0, avg time: 0.0ms, med: 0.0ms, 90th: 0.0ms, 99th: 0.0ms, 99.9th: 0.0ms","level":"stat"}
{"@timestamp":"2023-10-08T11:51:34.539+08:00","caller":"stat/metrics.go:210","content":"(kq) - qps: 0.0/s, drops: 0, avg time: 0.0ms, med: 0.0ms, 90th: 0.0ms, 99th: 0.0ms, 99.9th: 0.0ms","level":"stat"}
{"@timestamp":"2023-10-08T11:52:10.348+08:00","caller":"stat/usage.go:61","content":"CPU: 0m, MEMORY: Alloc=4.8Mi, TotalAlloc=119.8Mi, Sys=19.4Mi, NumGC=128","level":"stat"}
{"@timestamp":"2023-10-08T11:52:10.379+08:00","caller":"load/sheddingstat.go:61","content":"(rpc) shedding_stat [1m], cpu: 0, total: 0, pass: 0, drop: 0","level":"stat"}
{"@timestamp":"2023-10-08T12:07:53.416+08:00","caller":"stat/metrics.go:210","content":"(model.rpc) - qps: 0.0/s, drops: 0, avg time: 0.0ms, med: 0.0ms, 90th: 0.0ms, 99th: 0.0ms, 99.9th: 0.0ms","level":"stat"}
{"@timestamp":"2023-10-08T12:08:11.875+08:00","caller":"stat/metrics.go:210","content":"(kq) - qps: 0.0/s, drops: 0, avg time: 0.0ms, med: 0.0ms, 90th: 0.0ms, 99th: 0.0ms, 99.9th: 0.0ms","level":"stat"}
{"@timestamp":"2023-10-08T12:24:08.611+08:00","caller":"stat/usage.go:61","content":"CPU: 0m, MEMORY: Alloc=5.2Mi, TotalAlloc=120.2Mi, Sys=19.4Mi, NumGC=128","level":"stat"}
{"@timestamp":"2023-10-08T12:24:08.644+08:00","caller":"load/sheddingstat.go:61","content":"(rpc) shedding_stat [1m], cpu: 0, total: 0, pass: 0, drop: 0","level":"stat"}
{"@timestamp":"2023-10-08T12:24:14.341+08:00","caller":"stat/metrics.go:210","content":"(model.rpc) - qps: 0.0/s, drops: 0, avg time: 0.0ms, med: 0.0ms, 90th: 0.0ms, 99th: 0.0ms, 99.9th: 0.0ms","level":"stat"}
{"@timestamp":"2023-10-08T12:24:32.802+08:00","caller":"stat/metrics.go:210","content":"(kq) - qps: 0.0/s, drops: 0, avg time: 0.0ms, med: 0.0ms, 90th: 0.0ms, 99th: 0.0ms, 99.9th: 0.0ms","level":"stat"}
{"@timestamp":"2023-10-08T12:25:46.139+08:00","caller":"stat/usage.go:61","content":"CPU: 0m, MEMORY: Alloc=4.8Mi, TotalAlloc=120.7Mi, Sys=19.4Mi, NumGC=129","level":"stat"}
{"@timestamp":"2023-10-08T12:25:46.171+08:00","caller":"load/sheddingstat.go:61","content":"(rpc) shedding_stat [1m], cpu: 0, total: 0, pass: 0, drop: 0","level":"stat"}
{"@timestamp":"2023-10-08T12:25:51.872+08:00","caller":"stat/metrics.go:210","content":"(model.rpc) - qps: 0.0/s, drops: 0, avg time: 0.0ms, med: 0.0ms, 90th: 0.0ms, 99th: 0.0ms, 99.9th: 0.0ms","level":"stat"}
{"@timestamp":"2023-10-08T12:26:10.336+08:00","caller":"stat/metrics.go:210","content":"(kq) - qps: 0.0/s, drops: 0, avg time: 0.0ms, med: 0.0ms, 90th: 0.0ms, 99th: 0.0ms, 99.9th: 0.0ms","level":"stat"}
{"@timestamp":"2023-10-08T12:43:12.432+08:00","caller":"stat/usage.go:61","content":"CPU: 0m, MEMORY: Alloc=5.3Mi, TotalAlloc=121.2Mi, Sys=19.4Mi, NumGC=129","level":"stat"}
{"@timestamp":"2023-10-08T12:43:12.463+08:00","caller":"load/sheddingstat.go:61","content":"(rpc) shedding_stat [1m], cpu: 0, total: 0, pass: 0, drop: 0","level":"stat"}
{"@timestamp":"2023-10-08T12:43:18.163+08:00","caller":"stat/metrics.go:210","content":"(model.rpc) - qps: 0.0/s, drops: 0, avg time: 0.0ms, med: 0.0ms, 90th: 0.0ms, 99th: 0.0ms, 99.9th: 0.0ms","level":"stat"}
{"@timestamp":"2023-10-08T13:00:07.497+08:00","caller":"stat/metrics.go:210","content":"(kq) - qps: 0.0/s, drops: 0, avg time: 0.0ms, med: 0.0ms, 90th: 0.0ms, 99th: 0.0ms, 99.9th: 0.0ms","level":"stat"}
{"@timestamp":"2023-10-08T13:00:43.311+08:00","caller":"stat/usage.go:61","content":"CPU: 0m, MEMORY: Alloc=4.8Mi, TotalAlloc=121.6Mi, Sys=19.4Mi, NumGC=130","level":"stat"}
{"@timestamp":"2023-10-08T13:00:43.343+08:00","caller":"load/sheddingstat.go:61","content":"(rpc) shedding_stat [1m], cpu: 0, total: 0, pass: 0, drop: 0","level":"stat"}
{"@timestamp":"2023-10-08T13:16:41.989+08:00","caller":"stat/metrics.go:210","content":"(model.rpc) - qps: 0.0/s, drops: 0, avg time: 0.0ms, med: 0.0ms, 90th: 0.0ms, 99th: 0.0ms, 99.9th: 0.0ms","level":"stat"}
{"@timestamp":"2023-10-08T13:17:00.420+08:00","caller":"stat/metrics.go:210","content":"(kq) - qps: 0.0/s, drops: 0, avg time: 0.0ms, med: 0.0ms, 90th: 0.0ms, 99th: 0.0ms, 99.9th: 0.0ms","level":"stat"}
{"@timestamp":"2023-10-08T13:34:32.139+08:00","caller":"stat/usage.go:61","content":"CPU: 0m, MEMORY: Alloc=5.2Mi, TotalAlloc=122.0Mi, Sys=19.4Mi, NumGC=130","level":"stat"}
{"@timestamp":"2023-10-08T13:34:32.170+08:00","caller":"load/sheddingstat.go:61","content":"(rpc) shedding_stat [1m], cpu: 0, total: 0, pass: 0, drop: 0","level":"stat"}
{"@timestamp":"2023-10-08T13:34:37.862+08:00","caller":"stat/metrics.go:210","content":"(model.rpc) - qps: 0.0/s, drops: 0, avg time: 0.0ms, med: 0.0ms, 90th: 0.0ms, 99th: 0.0ms, 99.9th: 0.0ms","level":"stat"}
{"@timestamp":"2023-10-08T13:34:56.312+08:00","caller":"stat/metrics.go:210","content":"(kq) - qps: 0.0/s, drops: 0, avg time: 0.0ms, med: 0.0ms, 90th: 0.0ms, 99th: 0.0ms, 99.9th: 0.0ms","level":"stat"}
{"@timestamp":"2023-10-08T13:51:57.021+08:00","caller":"stat/usage.go:61","content":"CPU: 0m, MEMORY: Alloc=4.8Mi, TotalAlloc=122.4Mi, Sys=19.4Mi, NumGC=131","level":"stat"}
{"@timestamp":"2023-10-08T13:51:57.051+08:00","caller":"load/sheddingstat.go:61","content":"(rpc) shedding_stat [1m], cpu: 0, total: 0, pass: 0, drop: 0","level":"stat"}
{"@timestamp":"2023-10-08T13:52:02.749+08:00","caller":"stat/metrics.go:210","content":"(model.rpc) - qps: 0.0/s, drops: 0, avg time: 0.0ms, med: 0.0ms, 90th: 0.0ms, 99th: 0.0ms, 99.9th: 0.0ms","level":"stat"}
{"@timestamp":"2023-10-08T13:52:21.206+08:00","caller":"stat/metrics.go:210","content":"(kq) - qps: 0.0/s, drops: 0, avg time: 0.0ms, med: 0.0ms, 90th: 0.0ms, 99th: 0.0ms, 99.9th: 0.0ms","level":"stat"}
{"@timestamp":"2023-10-08T14:08:46.987+08:00","caller":"stat/usage.go:61","content":"CPU: 0m, MEMORY: Alloc=5.3Mi, TotalAlloc=122.9Mi, Sys=19.4Mi, NumGC=131","level":"stat"}
{"@timestamp":"2023-10-08T14:08:47.020+08:00","caller":"load/sheddingstat.go:61","content":"(rpc) shedding_stat [1m], cpu: 0, total: 0, pass: 0, drop: 0","level":"stat"}
{"@timestamp":"2023-10-08T14:08:52.727+08:00","caller":"stat/metrics.go:210","content":"(model.rpc) - qps: 0.0/s, drops: 0, avg time: 0.0ms, med: 0.0ms, 90th: 0.0ms, 99th: 0.0ms, 99.9th: 0.0ms","level":"stat"}
{"@timestamp":"2023-10-08T14:09:11.204+08:00","caller":"stat/metrics.go:210","content":"(kq) - qps: 0.0/s, drops: 0, avg time: 0.0ms, med: 0.0ms, 90th: 0.0ms, 99th: 0.0ms, 99.9th: 0.0ms","level":"stat"}
{"@timestamp":"2023-10-08T14:25:41.897+08:00","caller":"stat/usage.go:61","content":"CPU: 0m, MEMORY: Alloc=4.7Mi, TotalAlloc=123.3Mi, Sys=19.4Mi, NumGC=132","level":"stat"}
{"@timestamp":"2023-10-08T14:25:41.929+08:00","caller":"load/sheddingstat.go:61","content":"(rpc) shedding_stat [1m], cpu: 0, total: 0, pass: 0, drop: 0","level":"stat"}
{"@timestamp":"2023-10-08T14:25:47.629+08:00","caller":"stat/metrics.go:210","content":"(model.rpc) - qps: 0.0/s, drops: 0, avg time: 0.0ms, med: 0.0ms, 90th: 0.0ms, 99th: 0.0ms, 99.9th: 0.0ms","level":"stat"}
{"@timestamp":"2023-10-08T14:26:06.094+08:00","caller":"stat/metrics.go:210","content":"(kq) - qps: 0.0/s, drops: 0, avg time: 0.0ms, med: 0.0ms, 90th: 0.0ms, 99th: 0.0ms, 99.9th: 0.0ms","level":"stat"}
{"@timestamp":"2023-10-08T14:42:08.863+08:00","caller":"stat/usage.go:61","content":"CPU: 0m, MEMORY: Alloc=5.2Mi, TotalAlloc=123.7Mi, Sys=19.4Mi, NumGC=132","level":"stat"}
{"@timestamp":"2023-10-08T14:42:08.894+08:00","caller":"load/sheddingstat.go:61","content":"(rpc) shedding_stat [1m], cpu: 0, total: 0, pass: 0, drop: 0","level":"stat"}
{"@timestamp":"2023-10-08T14:42:14.592+08:00","caller":"stat/metrics.go:210","content":"(model.rpc) - qps: 0.0/s, drops: 0, avg time: 0.0ms, med: 0.0ms, 90th: 0.0ms, 99th: 0.0ms, 99.9th: 0.0ms","level":"stat"}
{"@timestamp":"2023-10-08T14:58:40.985+08:00","caller":"stat/metrics.go:210","content":"(kq) - qps: 0.0/s, drops: 0, avg time: 0.0ms, med: 0.0ms, 90th: 0.0ms, 99th: 0.0ms, 99.9th: 0.0ms","level":"stat"}
{"@timestamp":"2023-10-08T14:59:16.797+08:00","caller":"stat/usage.go:61","content":"CPU: 0m, MEMORY: Alloc=4.8Mi, TotalAlloc=124.1Mi, Sys=19.4Mi, NumGC=133","level":"stat"}
{"@timestamp":"2023-10-08T14:59:16.829+08:00","caller":"load/sheddingstat.go:61","content":"(rpc) shedding_stat [1m], cpu: 0, total: 0, pass: 0, drop: 0","level":"stat"}
{"@timestamp":"2023-10-08T15:15:16.423+08:00","caller":"stat/metrics.go:210","content":"(model.rpc) - qps: 0.0/s, drops: 0, avg time: 0.0ms, med: 0.0ms, 90th: 0.0ms, 99th: 0.0ms, 99.9th: 0.0ms","level":"stat"}
{"@timestamp":"2023-10-08T15:15:34.852+08:00","caller":"stat/metrics.go:210","content":"(kq) - qps: 0.0/s, drops: 0, avg time: 0.0ms, med: 0.0ms, 90th: 0.0ms, 99th: 0.0ms, 99.9th: 0.0ms","level":"stat"}
{"@timestamp":"2023-10-08T15:32:14.379+08:00","caller":"stat/usage.go:61","content":"CPU: 0m, MEMORY: Alloc=5.2Mi, TotalAlloc=124.5Mi, Sys=19.4Mi, NumGC=133","level":"stat"}
{"@timestamp":"2023-10-08T15:32:14.412+08:00","caller":"load/sheddingstat.go:61","content":"(rpc) shedding_stat [1m], cpu: 0, total: 0, pass: 0, drop: 0","level":"stat"}
{"@timestamp":"2023-10-08T15:32:20.104+08:00","caller":"stat/metrics.go:210","content":"(model.rpc) - qps: 0.0/s, drops: 0, avg time: 0.0ms, med: 0.0ms, 90th: 0.0ms, 99th: 0.0ms, 99.9th: 0.0ms","level":"stat"}
{"@timestamp":"2023-10-08T15:32:38.561+08:00","caller":"stat/metrics.go:210","content":"(kq) - qps: 0.0/s, drops: 0, avg time: 0.0ms, med: 0.0ms, 90th: 0.0ms, 99th: 0.0ms, 99.9th: 0.0ms","level":"stat"}
{"@timestamp":"2023-10-08T15:33:14.367+08:00","caller":"stat/usage.go:61","content":"CPU: 0m, MEMORY: Alloc=4.8Mi, TotalAlloc=125.0Mi, Sys=19.4Mi, NumGC=134","level":"stat"}
{"@timestamp":"2023-10-08T15:33:14.399+08:00","caller":"load/sheddingstat.go:61","content":"(rpc) shedding_stat [1m], cpu: 0, total: 0, pass: 0, drop: 0","level":"stat"}
{"@timestamp":"2023-10-08T15:33:20.097+08:00","caller":"stat/metrics.go:210","content":"(model.rpc) - qps: 0.0/s, drops: 0, avg time: 0.0ms, med: 0.0ms, 90th: 0.0ms, 99th: 0.0ms, 99.9th: 0.0ms","level":"stat"}
{"@timestamp":"2023-10-08T15:33:38.557+08:00","caller":"stat/metrics.go:210","content":"(kq) - qps: 0.0/s, drops: 0, avg time: 0.0ms, med: 0.0ms, 90th: 0.0ms, 99th: 0.0ms, 99.9th: 0.0ms","level":"stat"}
{"@timestamp":"2023-10-08T15:34:14.365+08:00","caller":"stat/usage.go:61","content":"CPU: 0m, MEMORY: Alloc=5.2Mi, TotalAlloc=125.4Mi, Sys=19.4Mi, NumGC=134","level":"stat"}
{"@timestamp":"2023-10-08T15:34:14.397+08:00","caller":"load/sheddingstat.go:61","content":"(rpc) shedding_stat [1m], cpu: 0, total: 0, pass: 0, drop: 0","level":"stat"}
{"@timestamp":"2023-10-08T15:34:20.095+08:00","caller":"stat/metrics.go:210","content":"(model.rpc) - qps: 0.0/s, drops: 0, avg time: 0.0ms, med: 0.0ms, 90th: 0.0ms, 99th: 0.0ms, 99.9th: 0.0ms","level":"stat"}
{"@timestamp":"2023-10-08T15:34:38.556+08:00","caller":"stat/metrics.go:210","content":"(kq) - qps: 0.0/s, drops: 0, avg time: 0.0ms, med: 0.0ms, 90th: 0.0ms, 99th: 0.0ms, 99.9th: 0.0ms","level":"stat"}
{"@timestamp":"2023-10-08T15:50:48.181+08:00","caller":"stat/usage.go:61","content":"CPU: 0m, MEMORY: Alloc=4.8Mi, TotalAlloc=125.9Mi, Sys=19.4Mi, NumGC=135","level":"stat"}
{"@timestamp":"2023-10-08T15:50:48.213+08:00","caller":"load/sheddingstat.go:61","content":"(rpc) shedding_stat [1m], cpu: 0, total: 0, pass: 0, drop: 0","level":"stat"}
{"@timestamp":"2023-10-08T15:50:53.911+08:00","caller":"stat/metrics.go:210","content":"(model.rpc) - qps: 0.0/s, drops: 0, avg time: 0.0ms, med: 0.0ms, 90th: 0.0ms, 99th: 0.0ms, 99.9th: 0.0ms","level":"stat"}
{"@timestamp":"2023-10-08T15:51:12.373+08:00","caller":"stat/metrics.go:210","content":"(kq) - qps: 0.0/s, drops: 0, avg time: 0.0ms, med: 0.0ms, 90th: 0.0ms, 99th: 0.0ms, 99.9th: 0.0ms","level":"stat"}
{"@timestamp":"2023-10-08T15:51:48.180+08:00","caller":"stat/usage.go:61","content":"CPU: 0m, MEMORY: Alloc=5.3Mi, TotalAlloc=126.4Mi, Sys=19.4Mi, NumGC=135","level":"stat"}
{"@timestamp":"2023-10-08T15:51:48.212+08:00","caller":"load/sheddingstat.go:61","content":"(rpc) shedding_stat [1m], cpu: 0, total: 0, pass: 0, drop: 0","level":"stat"}
{"@timestamp":"2023-10-08T16:07:40.896+08:00","caller":"stat/metrics.go:210","content":"(model.rpc) - qps: 0.0/s, drops: 0, avg time: 0.0ms, med: 0.0ms, 90th: 0.0ms, 99th: 0.0ms, 99.9th: 0.0ms","level":"stat"}
{"@timestamp":"2023-10-08T16:07:59.332+08:00","caller":"stat/metrics.go:210","content":"(kq) - qps: 0.0/s, drops: 0, avg time: 0.0ms, med: 0.0ms, 90th: 0.0ms, 99th: 0.0ms, 99.9th: 0.0ms","level":"stat"}
{"@timestamp":"2023-10-08T16:25:20.969+08:00","caller":"stat/usage.go:61","content":"CPU: 0m, MEMORY: Alloc=5.1Mi, TotalAlloc=127.1Mi, Sys=19.4Mi, NumGC=136","level":"stat"}
{"@timestamp":"2023-10-08T16:25:20.998+08:00","caller":"load/sheddingstat.go:61","content":"(rpc) shedding_stat [1m], cpu: 0, total: 0, pass: 0, drop: 0","level":"stat"}
{"@timestamp":"2023-10-08T16:25:26.694+08:00","caller":"stat/metrics.go:210","content":"(model.rpc) - qps: 0.0/s, drops: 0, avg time: 0.0ms, med: 0.0ms, 90th: 0.0ms, 99th: 0.0ms, 99.9th: 0.0ms","level":"stat"}
{"@timestamp":"2023-10-08T16:25:45.150+08:00","caller":"stat/metrics.go:210","content":"(kq) - qps: 0.0/s, drops: 0, avg time: 0.0ms, med: 0.0ms, 90th: 0.0ms, 99th: 0.0ms, 99.9th: 0.0ms","level":"stat"}
{"@timestamp":"2023-10-08T16:41:35.553+08:00","caller":"stat/usage.go:61","content":"CPU: 0m, MEMORY: Alloc=5.6Mi, TotalAlloc=127.5Mi, Sys=19.4Mi, NumGC=136","level":"stat"}
{"@timestamp":"2023-10-08T16:41:35.585+08:00","caller":"load/sheddingstat.go:61","content":"(rpc) shedding_stat [1m], cpu: 0, total: 0, pass: 0, drop: 0","level":"stat"}
{"@timestamp":"2023-10-08T16:41:41.282+08:00","caller":"stat/metrics.go:210","content":"(model.rpc) - qps: 0.0/s, drops: 0, avg time: 0.0ms, med: 0.0ms, 90th: 0.0ms, 99th: 0.0ms, 99.9th: 0.0ms","level":"stat"}
{"@timestamp":"2023-10-08T16:41:59.740+08:00","caller":"stat/metrics.go:210","content":"(kq) - qps: 0.0/s, drops: 0, avg time: 0.0ms, med: 0.0ms, 90th: 0.0ms, 99th: 0.0ms, 99.9th: 0.0ms","level":"stat"}
{"@timestamp":"2023-10-08T16:57:59.321+08:00","caller":"stat/usage.go:61","content":"CPU: 0m, MEMORY: Alloc=4.8Mi, TotalAlloc=128.0Mi, Sys=19.4Mi, NumGC=137","level":"stat"}
{"@timestamp":"2023-10-08T16:57:59.352+08:00","caller":"load/sheddingstat.go:61","content":"(rpc) shedding_stat [1m], cpu: 0, total: 0, pass: 0, drop: 0","level":"stat"}
{"@timestamp":"2023-10-08T16:58:05.050+08:00","caller":"stat/metrics.go:210","content":"(model.rpc) - qps: 0.0/s, drops: 0, avg time: 0.0ms, med: 0.0ms, 90th: 0.0ms, 99th: 0.0ms, 99.9th: 0.0ms","level":"stat"}
{"@timestamp":"2023-10-08T17:01:56.756+08:00","caller":"stat/metrics.go:210","content":"(kq) - qps: 0.0/s, drops: 0, avg time: 0.0ms, med: 0.0ms, 90th: 0.0ms, 99th: 0.0ms, 99.9th: 0.0ms","level":"stat"}
